id,first_name,last_name,email,gender,ip_address
1,Douglass,Self,dself0@fotki.com,Agender,175.198.26.24
2,Marita,Kynan,mkynan1@tripadvisor.com,Agender,243.236.16.181
3,Kalinda,Ginity,kginity2@hhs.gov,Bigender,152.136.18.13
4,Thorvald,Brellin,tbrellin3@marriott.com,Male,224.29.70.236
5,Chrissie,Bleibaum,cbleibaum4@nifty.com,Polygender,101.250.76.45
6,Priscella,Jephson,pjephson5@behance.net,Agender,171.217.92.46
7,Meridel,Berrigan,mberrigan6@ovh.net,Genderqueer,234.141.66.182
8,Hyatt,Fiorentino,hfiorentino7@elegantthemes.com,Polygender,220.32.175.200
9,Ravid,Sheryn,rsheryn8@hexun.com,Agender,176.115.255.44
10,Krystal,Rusling,krusling9@adobe.com,Non-binary,122.195.128.174
11,Clemente,Stoop,cstoopa@google.cn,Polygender,174.116.189.57
12,Chadd,Hollyer,chollyerb@odnoklassniki.ru,Non-binary,188.57.180.71
13,Elnore,Towner,etownerc@jiathis.com,Genderqueer,102.47.133.205
14,Viv,Shimuk,vshimukd@hc360.com,Male,49.155.147.196
15,Stormi,Winscum,swinscume@shop-pro.jp,Male,45.78.112.98
16,Edith,Whates,ewhatesf@163.com,Male,140.186.191.89
17,Fernande,Grimoldby,fgrimoldbyg@networkadvertising.org,Non-binary,174.133.119.6
18,Johnathon,Wedgbrow,jwedgbrowh@gov.uk,Non-binary,56.2.121.37
19,Cull,Mingardi,cmingardii@weibo.com,Female,214.61.242.27
20,Kele,Iacovaccio,kiacovaccioj@list-manage.com,Genderfluid,222.119.227.92
21,Mercie,Bawle,mbawlek@slate.com,Genderqueer,255.7.115.240
22,Jeri,Parlot,jparlotl@taobao.com,Non-binary,166.9.77.62
23,Celene,Atyea,catyeam@weebly.com,Agender,197.250.75.7
24,Luise,Hammerstone,lhammerstonen@webmd.com,Genderqueer,239.39.48.235
25,Lilia,Treweke,ltrewekeo@photobucket.com,Non-binary,71.175.150.236
26,Salvidor,Gookey,sgookeyp@skyrock.com,Male,156.143.49.142
27,Lynea,Cornwell,lcornwellq@skype.com,Genderfluid,10.112.180.73
28,Genny,Strongman,gstrongmanr@geocities.jp,Non-binary,44.190.34.114
29,Colleen,Mulberry,cmulberrys@livejournal.com,Agender,63.1.190.174
30,Hermia,Stebles,hsteblest@a8.net,Agender,41.3.228.49
31,Solly,Biggar,sbiggaru@webeden.co.uk,Polygender,185.15.131.248
32,Cly,Eddow,ceddowv@usatoday.com,Female,15.174.236.104
33,Hurlee,Tremethack,htremethackw@wired.com,Genderfluid,87.160.30.223
34,Vicki,Fannin,vfanninx@clickbank.net,Genderqueer,218.156.149.140
35,Fayth,Abotson,fabotsony@chicagotribune.com,Non-binary,51.47.99.197
36,Zola,Gudge,zgudgez@sfgate.com,Bigender,208.137.10.139
37,Hattie,Fifield,hfifield10@oracle.com,Polygender,126.97.162.237
38,Sada,Haack,shaack11@ftc.gov,Female,176.176.226.250
39,Peirce,Aberkirder,paberkirder12@ucsd.edu,Bigender,196.200.105.155
40,Jaquenette,Strotone,jstrotone13@seattletimes.com,Genderfluid,165.231.255.175
41,Lauri,Boerderman,lboerderman14@shareasale.com,Polygender,93.236.160.18
42,Jorgan,Mival,jmival15@java.com,Genderfluid,102.198.110.63
43,Amelita,Nealy,anealy16@twitter.com,Genderqueer,168.242.33.105
44,Reinaldos,Scohier,rscohier17@japanpost.jp,Female,165.218.238.170
45,Lodovico,Pepler,lpepler18@mediafire.com,Genderqueer,173.168.198.161
46,Emeline,Grivori,egrivori19@printfriendly.com,Male,103.191.172.166
47,Gaston,Perot,gperot1a@google.de,Non-binary,36.80.240.222
48,Tadio,Eland,teland1b@businesswire.com,Non-binary,218.13.57.73
49,Darby,Girdlestone,dgirdlestone1c@washington.edu,Non-binary,29.82.50.115
50,Jillayne,Skillitt,jskillitt1d@sina.com.cn,Female,123.14.163.75
51,Emera,Scorrer,escorrer1e@live.com,Female,186.233.98.50
52,Ricoriki,Manntschke,rmanntschke1f@wp.com,Agender,248.86.185.64
53,Rosalinda,Maddie,rmaddie1g@amazon.co.jp,Non-binary,190.195.124.29
54,Way,Dike,wdike1h@arstechnica.com,Agender,162.54.178.227
55,Vernice,Reape,vreape1i@xrea.com,Polygender,45.64.128.100
56,Jarad,Granville,jgranville1j@globo.com,Genderqueer,147.30.192.101
57,Othelia,Vaughton,ovaughton1k@google.nl,Agender,247.254.243.93
58,Aharon,Vondrasek,avondrasek1l@washington.edu,Genderfluid,173.156.191.12
59,Hanna,Easton,heaston1m@acquirethisname.com,Non-binary,79.213.52.110
60,Thedric,Kienlein,tkienlein1n@naver.com,Agender,197.120.102.234
61,Griselda,Shury,gshury1o@ted.com,Genderfluid,126.146.88.184
62,Sherie,Rodell,srodell1p@psu.edu,Bigender,11.212.131.105
63,Byron,Dutchburn,bdutchburn1q@earthlink.net,Genderqueer,235.236.208.202
64,Jasmine,Sloan,jsloan1r@nps.gov,Non-binary,106.93.95.221
65,Willow,Simonot,wsimonot1s@canalblog.com,Polygender,223.211.203.142
66,Darrell,Creus,dcreus1t@tripod.com,Genderfluid,61.237.78.163
67,Leicester,Johnsey,ljohnsey1u@stanford.edu,Female,150.72.138.75
68,Britt,Hawlgarth,bhawlgarth1v@ask.com,Polygender,241.86.193.61
69,Hubert,Skilton,hskilton1w@cbc.ca,Genderqueer,87.136.48.115
70,Merissa,Willes,mwilles1x@vimeo.com,Genderfluid,144.113.37.188
71,Emmy,Ayrs,eayrs1y@aboutads.info,Polygender,62.183.211.42
72,Eleonora,Christal,echristal1z@tinyurl.com,Polygender,232.235.94.72
73,Johny,McIlwreath,jmcilwreath20@youtube.com,Female,37.52.7.40
74,Shane,Harrington,sharrington21@google.es,Male,241.42.221.13
75,Cynthy,Peppard,cpeppard22@seattletimes.com,Male,93.101.116.187
76,Jared,Frankcombe,jfrankcombe23@vinaora.com,Agender,142.97.134.143
77,Borden,Hirsch,bhirsch24@miibeian.gov.cn,Female,254.105.40.136
78,Joli,Coumbe,jcoumbe25@ox.ac.uk,Genderfluid,125.116.104.142
79,Idelle,Osgood,iosgood26@odnoklassniki.ru,Polygender,179.39.3.21
80,Aveline,Swire,aswire27@blogspot.com,Male,238.127.80.171
81,Yelena,Solley,ysolley28@livejournal.com,Polygender,145.105.72.21
82,Carmel,Sreenan,csreenan29@who.int,Genderqueer,15.138.75.175
83,Teodora,Dunkerley,tdunkerley2a@blogs.com,Polygender,72.216.51.230
84,Rivi,Tidbold,rtidbold2b@instagram.com,Agender,30.110.123.71
85,Janine,Lescop,jlescop2c@hubpages.com,Non-binary,55.17.208.191
86,Carlynn,Forman,cforman2d@elpais.com,Genderfluid,50.79.137.155
87,Marie-ann,Wixey,mwixey2e@umich.edu,Non-binary,113.249.221.157
88,Tamarah,Steptowe,tsteptowe2f@amazon.de,Genderqueer,15.144.30.80
89,Anne-corinne,Bagwell,abagwell2g@i2i.jp,Polygender,213.86.51.167
90,Forbes,Pervew,fpervew2h@cbslocal.com,Genderqueer,238.157.63.179
91,Keslie,Clowney,kclowney2i@furl.net,Genderqueer,199.29.119.187
92,Brander,Foister,bfoister2j@hatena.ne.jp,Agender,16.217.171.4
93,Rosalind,Inglis,ringlis2k@lulu.com,Polygender,99.220.32.186
94,Matilde,Itzkovitch,mitzkovitch2l@tiny.cc,Female,247.96.96.154
95,Abey,Killner,akillner2m@seattletimes.com,Non-binary,114.78.195.57
96,Ingaborg,Ackenson,iackenson2n@wunderground.com,Bigender,102.57.86.85
97,Alic,Durham,adurham2o@merriam-webster.com,Genderqueer,144.188.124.105
98,Loleta,Peyes,lpeyes2p@cbc.ca,Male,134.80.36.115
99,Alisander,Gunner,agunner2q@shinystat.com,Genderqueer,65.191.67.167
100,Kim,Spours,kspours2r@wordpress.com,Non-binary,104.3.231.230
101,Celestia,McOnie,cmconie2s@salon.com,Polygender,61.233.239.15
102,Puff,Brusin,pbrusin2t@apache.org,Genderqueer,10.59.104.39
103,Corette,Streatley,cstreatley2u@themeforest.net,Polygender,133.31.164.100
104,Dore,Rissen,drissen2v@vk.com,Bigender,84.8.116.169
105,Amalie,Maliffe,amaliffe2w@blogspot.com,Male,174.76.241.30
106,Nani,Shillingford,nshillingford2x@unblog.fr,Female,57.67.178.138
107,Mira,Shrubsall,mshrubsall2y@apple.com,Non-binary,29.189.19.134
108,Alexandra,Bartalot,abartalot2z@multiply.com,Non-binary,205.80.68.74
109,Marven,Strick,mstrick30@army.mil,Male,51.5.23.217
110,Eben,Backshall,ebackshall31@php.net,Non-binary,5.203.121.113
111,Jacky,Raw,jraw32@patch.com,Bigender,95.45.3.119
112,Tiebout,Butterwick,tbutterwick33@ibm.com,Polygender,24.5.19.67
113,Peter,Svanetti,psvanetti34@newsvine.com,Male,236.136.218.85
114,Maressa,While,mwhile35@amazonaws.com,Genderfluid,198.228.190.56
115,Eleonore,O'Ruane,eoruane36@dyndns.org,Bigender,253.134.194.183
116,Brianna,Dominici,bdominici37@comcast.net,Male,60.45.31.247
117,Alia,McSwan,amcswan38@earthlink.net,Agender,68.133.199.191
118,Debera,Goning,dgoning39@gov.uk,Agender,140.172.174.137
119,Felipe,Chaplin,fchaplin3a@t.co,Polygender,241.97.168.206
120,Anne-corinne,Stronough,astronough3b@google.com.br,Agender,131.174.218.57
121,Jesse,De Domenicis,jdedomenicis3c@sun.com,Polygender,48.191.155.88
122,Uri,Reddle,ureddle3d@wp.com,Genderqueer,164.209.207.156
123,Cami,Thurman,cthurman3e@economist.com,Genderfluid,55.140.185.116
124,Shepperd,Atwel,satwel3f@spotify.com,Male,218.55.239.54
125,Yardley,Vigus,yvigus3g@sitemeter.com,Male,52.40.1.211
126,Sarine,Gutherson,sgutherson3h@japanpost.jp,Non-binary,87.2.32.75
127,Mariette,Allain,mallain3i@home.pl,Genderfluid,141.249.87.234
128,Mitch,Trebilcock,mtrebilcock3j@yandex.ru,Genderfluid,115.28.215.156
129,Ollie,Gilpillan,ogilpillan3k@behance.net,Genderqueer,33.214.242.158
130,Perceval,Halso,phalso3l@census.gov,Female,35.205.107.113
131,Gearard,Sher,gsher3m@cloudflare.com,Genderfluid,32.94.196.55
132,Derk,Surmeir,dsurmeir3n@gnu.org,Genderqueer,184.96.98.118
133,Jorey,Parzis,jparzis3o@godaddy.com,Non-binary,254.189.32.32
134,Suzann,Spong,sspong3p@oracle.com,Female,143.131.131.36
135,Florie,Ruxton,fruxton3q@bloglovin.com,Genderfluid,162.193.221.204
136,Kalie,Verrier,kverrier3r@chicagotribune.com,Agender,115.215.81.145
137,Aubrey,Kobiela,akobiela3s@pinterest.com,Non-binary,52.208.228.104
138,Damian,Mitchelhill,dmitchelhill3t@washingtonpost.com,Female,204.28.78.78
139,Bret,Seamarke,bseamarke3u@si.edu,Female,106.207.235.38
140,Gabbey,M'Barron,gmbarron3v@devhub.com,Female,205.96.112.9
141,Antoinette,Dodsworth,adodsworth3w@unc.edu,Male,109.201.207.127
142,Wanids,Pinches,wpinches3x@constantcontact.com,Non-binary,182.201.220.206
143,Elinore,Stuke,estuke3y@washingtonpost.com,Female,123.140.203.132
144,Morena,Leyland,mleyland3z@nyu.edu,Male,53.114.88.46
145,Julianne,Molen,jmolen40@sourceforge.net,Bigender,155.132.209.231
146,Bartholemy,Rookesby,brookesby41@gnu.org,Bigender,85.153.173.146
147,Philis,Marris,pmarris42@timesonline.co.uk,Genderfluid,149.78.94.235
148,Zola,Ryles,zryles43@fotki.com,Genderfluid,158.91.42.163
149,Yetta,Ingleton,yingleton44@list-manage.com,Polygender,75.106.141.247
150,Kamillah,Knotton,kknotton45@slideshare.net,Female,66.216.100.141
151,Torrence,Casaro,tcasaro46@pbs.org,Genderqueer,9.133.214.222
152,Fabe,Szimon,fszimon47@etsy.com,Female,228.65.168.138
153,Ferdinanda,Roubay,froubay48@miibeian.gov.cn,Agender,96.52.253.51
154,Alameda,MacManus,amacmanus49@telegraph.co.uk,Genderfluid,98.226.79.216
155,Perry,Wicks,pwicks4a@behance.net,Polygender,128.7.81.91
156,Arvy,Pea,apea4b@jugem.jp,Polygender,36.72.51.142
157,Georgeanne,Arrandale,garrandale4c@sitemeter.com,Non-binary,87.185.208.209
158,Elbertine,Bydaway,ebydaway4d@163.com,Male,135.232.227.67
159,Sherwood,Helstrip,shelstrip4e@huffingtonpost.com,Agender,47.15.53.226
160,Frannie,Iori,fiori4f@godaddy.com,Male,92.125.138.161
161,Gregoor,Troop,gtroop4g@123-reg.co.uk,Genderqueer,77.42.157.193
162,Mayne,Allenson,mallenson4h@tmall.com,Male,222.80.105.75
163,Annissa,Haster,ahaster4i@dailymotion.com,Agender,44.250.56.58
164,Nelle,Wing,nwing4j@msu.edu,Female,23.98.56.112
165,Roley,Halahan,rhalahan4k@wikispaces.com,Bigender,235.121.141.113
166,Pepillo,Mingotti,pmingotti4l@biblegateway.com,Non-binary,181.47.22.168
167,Andrea,Riseam,ariseam4m@comcast.net,Bigender,161.147.218.163
168,Dorree,Sperry,dsperry4n@technorati.com,Genderfluid,211.241.217.175
169,Logan,Brownstein,lbrownstein4o@slashdot.org,Non-binary,82.228.127.171
170,Cecile,Falvey,cfalvey4p@slideshare.net,Bigender,178.150.60.195
171,Lorrayne,Imlacke,limlacke4q@pcworld.com,Female,15.23.74.109
172,Dean,Norres,dnorres4r@gov.uk,Male,17.35.54.104
173,Adriano,Cristobal,acristobal4s@ameblo.jp,Male,147.212.48.212
174,Liz,Isacq,lisacq4t@comcast.net,Agender,206.185.93.165
175,Krystal,Hutchings,khutchings4u@va.gov,Agender,82.37.133.96
176,Chas,O'Malley,comalley4v@geocities.jp,Non-binary,161.3.3.234
177,Renee,Tern,rtern4w@youku.com,Bigender,196.70.180.42
178,Ethelin,Piperley,epiperley4x@ftc.gov,Polygender,60.133.27.49
179,Lonnard,Makiver,lmakiver4y@shutterfly.com,Polygender,14.4.72.206
180,Norah,Brackpool,nbrackpool4z@prweb.com,Non-binary,45.167.181.7
181,Dierdre,Veysey,dveysey50@blogs.com,Male,138.134.161.97
182,Junina,Truggian,jtruggian51@reddit.com,Genderqueer,69.60.209.115
183,Shelia,Moverley,smoverley52@ycombinator.com,Non-binary,103.247.191.82
184,Carling,Williment,cwilliment53@weather.com,Genderqueer,215.212.104.26
185,Carlynne,Kubas,ckubas54@dagondesign.com,Genderfluid,111.226.44.132
186,Burlie,Frantzen,bfrantzen55@shutterfly.com,Agender,172.24.98.227
187,Kimberli,Hazell,khazell56@who.int,Polygender,144.3.35.138
188,Catriona,Pietri,cpietri57@newyorker.com,Polygender,39.219.81.154
189,Cathy,Bucknell,cbucknell58@tripadvisor.com,Non-binary,83.103.96.77
190,Maxy,Saterweyte,msaterweyte59@shareasale.com,Bigender,134.85.237.251
191,Sarine,Pettie,spettie5a@yandex.ru,Polygender,94.122.235.124
192,Fidelity,Elward,felward5b@eepurl.com,Male,173.101.100.188
193,Anne-corinne,Blasio,ablasio5c@com.com,Female,159.33.3.6
194,Symon,Tingcomb,stingcomb5d@dedecms.com,Bigender,35.226.107.154
195,Lurline,Delacourt,ldelacourt5e@technorati.com,Female,34.17.61.228
196,Rozella,Matthius,rmatthius5f@blog.com,Male,105.137.162.159
197,Bee,Hasson,bhasson5g@wsj.com,Genderqueer,188.183.219.92
198,Margit,Dunnaway,mdunnaway5h@tiny.cc,Polygender,210.116.13.193
199,Carie,Dorward,cdorward5i@xinhuanet.com,Agender,233.148.14.84
200,Godard,McLaine,gmclaine5j@cnet.com,Female,40.222.184.113
201,Mela,Boutellier,mboutellier5k@reddit.com,Non-binary,230.54.99.237
202,Wake,Bernardy,wbernardy5l@trellian.com,Male,33.146.144.22
203,Guntar,Noddings,gnoddings5m@cbslocal.com,Polygender,221.145.140.102
204,William,Jewitt,wjewitt5n@bloglovin.com,Male,141.35.253.232
205,Halsey,Matusson,hmatusson5o@tripadvisor.com,Genderqueer,155.166.78.140
206,Vite,Treske,vtreske5p@bandcamp.com,Non-binary,5.166.12.249
207,Manon,Heskins,mheskins5q@gravatar.com,Female,46.255.224.54
208,Leigh,Dickenson,ldickenson5r@myspace.com,Genderqueer,193.94.235.166
209,Thorpe,McGairl,tmcgairl5s@vkontakte.ru,Male,80.196.199.230
210,Alyce,Slessar,aslessar5t@woothemes.com,Non-binary,85.193.143.186
211,Rene,Burtonshaw,rburtonshaw5u@tmall.com,Bigender,212.2.29.201
212,Miguelita,Bresnen,mbresnen5v@ebay.com,Bigender,98.173.153.244
213,Nanice,Cornell,ncornell5w@domainmarket.com,Genderfluid,34.104.84.213
214,Brynn,Epperson,bepperson5x@ask.com,Male,74.165.67.200
215,Sullivan,Brodie,sbrodie5y@alexa.com,Agender,72.192.11.227
216,Vita,McTear,vmctear5z@admin.ch,Female,152.207.30.179
217,Herb,Letty,hletty60@examiner.com,Genderfluid,191.222.102.158
218,Shanda,Bend,sbend61@techcrunch.com,Polygender,241.92.221.136
219,Pia,Tidy,ptidy62@boston.com,Female,71.54.179.161
220,Ardisj,Drayton,adrayton63@t.co,Non-binary,12.40.64.46
221,Bessy,Dalgetty,bdalgetty64@miibeian.gov.cn,Genderqueer,9.188.84.216
222,Conan,Jorcke,cjorcke65@constantcontact.com,Polygender,43.230.126.97
223,Guillaume,Gohier,ggohier66@foxnews.com,Male,44.138.188.251
224,Eal,Peris,eperis67@mozilla.org,Agender,100.62.88.147
225,Jocelin,Cordy,jcordy68@go.com,Non-binary,13.57.118.146
226,Darleen,Sine,dsine69@github.com,Female,73.158.126.136
227,Jacquette,Ruckledge,jruckledge6a@edublogs.org,Female,138.200.51.220
228,Carlota,Blinco,cblinco6b@exblog.jp,Female,7.212.167.236
229,Jewell,Mullord,jmullord6c@gnu.org,Male,56.197.136.35
230,Dian,Wrankmore,dwrankmore6d@over-blog.com,Female,151.229.152.210
231,Darrell,Pickering,dpickering6e@bbc.co.uk,Bigender,8.112.119.22
232,Janaya,Crawforth,jcrawforth6f@marketwatch.com,Bigender,227.226.228.239
233,Tabbie,Borge,tborge6g@wunderground.com,Male,35.223.23.238
234,Sophie,Taggerty,staggerty6h@netvibes.com,Male,177.142.170.102
235,Tracy,Payn,tpayn6i@sakura.ne.jp,Genderqueer,212.60.36.155
236,Kara-lynn,Fidell,kfidell6j@noaa.gov,Genderqueer,31.118.152.68
237,Benedikt,Ninotti,bninotti6k@mozilla.org,Genderqueer,143.249.77.181
238,Templeton,Revett,trevett6l@elegantthemes.com,Female,71.235.188.61
239,Lotte,De Giorgio,ldegiorgio6m@nasa.gov,Non-binary,191.199.165.23
240,Gabie,Hebdon,ghebdon6n@wikispaces.com,Polygender,213.36.198.90
241,Caroline,Jaume,cjaume6o@usnews.com,Female,180.12.90.19
242,Fallon,Kibbee,fkibbee6p@printfriendly.com,Female,9.31.81.139
243,Mira,Sturridge,msturridge6q@cargocollective.com,Genderqueer,99.153.224.102
244,Wadsworth,Raddenbury,wraddenbury6r@live.com,Non-binary,227.3.173.96
245,Quintus,Mynett,qmynett6s@yellowbook.com,Polygender,186.32.120.61
246,Kennie,Bouette,kbouette6t@symantec.com,Bigender,22.10.101.51
247,Melantha,Mackieson,mmackieson6u@wsj.com,Polygender,151.175.60.41
248,Susy,Goshawke,sgoshawke6v@ucoz.ru,Bigender,253.123.76.199
249,Hasheem,Mingey,hmingey6w@berkeley.edu,Male,157.187.154.91
250,Angelique,Vyvyan,avyvyan6x@mapy.cz,Male,142.181.53.82
251,Eimile,Lepick,elepick6y@discovery.com,Genderfluid,129.1.199.110
252,Kevyn,Shrimpton,kshrimpton6z@multiply.com,Male,4.147.51.109
253,Ardith,Hollebon,ahollebon70@sciencedirect.com,Genderqueer,157.206.30.203
254,Rubi,Piatkowski,rpiatkowski71@youtube.com,Polygender,11.81.159.167
255,Concettina,O'Kenny,cokenny72@ezinearticles.com,Genderqueer,23.198.242.105
256,Jackie,Culkin,jculkin73@earthlink.net,Bigender,90.1.34.74
257,Conroy,Quinion,cquinion74@w3.org,Genderqueer,214.4.68.80
258,Leeanne,Tomaszewicz,ltomaszewicz75@google.pl,Genderfluid,103.169.35.8
259,Gerrie,Wolfarth,gwolfarth76@diigo.com,Genderfluid,240.4.164.192
260,Kirsten,Cosser,kcosser77@furl.net,Male,81.137.180.20
261,Susy,MacCartney,smaccartney78@ehow.com,Genderfluid,134.60.5.120
262,Waring,Vasilischev,wvasilischev79@skype.com,Polygender,200.254.231.115
263,Tabbie,Brazil,tbrazil7a@google.ca,Bigender,82.37.208.108
264,Poppy,Grigoryov,pgrigoryov7b@imgur.com,Genderqueer,194.213.95.102
265,Anatola,Cheer,acheer7c@wsj.com,Polygender,34.159.112.1
266,Herbert,Kollatsch,hkollatsch7d@epa.gov,Genderqueer,88.214.128.55
267,Farly,Joyson,fjoyson7e@patch.com,Male,162.24.20.53
268,Carlota,Leer,cleer7f@cam.ac.uk,Bigender,166.84.255.208
269,Vasili,Santo,vsanto7g@wikia.com,Genderfluid,78.118.88.97
270,Garland,Vain,gvain7h@unc.edu,Agender,235.67.168.244
271,Byrom,Guppey,bguppey7i@auda.org.au,Non-binary,6.212.110.181
272,Barry,Sutty,bsutty7j@irs.gov,Female,156.44.145.132
273,Torrie,Haggarty,thaggarty7k@deviantart.com,Polygender,232.19.193.5
274,Elliot,Averay,eaveray7l@uol.com.br,Genderfluid,169.51.79.223
275,Udall,Tomala,utomala7m@biglobe.ne.jp,Non-binary,75.166.232.73
276,Greer,Gurry,ggurry7n@businessweek.com,Agender,99.40.55.170
277,Collen,Fossett,cfossett7o@flavors.me,Genderfluid,91.16.218.154
278,Malena,Bottrell,mbottrell7p@nature.com,Agender,252.103.72.98
279,Sibeal,Janczewski,sjanczewski7q@nytimes.com,Agender,76.132.139.56
280,Kerk,Normand,knormand7r@wp.com,Non-binary,114.15.170.75
281,Dinnie,Kahn,dkahn7s@altervista.org,Agender,16.2.18.28
282,Concettina,Kilfedder,ckilfedder7t@vinaora.com,Polygender,120.3.170.141
283,Marsha,Shale,mshale7u@pen.io,Polygender,2.124.237.1
284,Johan,Gotcher,jgotcher7v@gravatar.com,Genderqueer,123.1.182.64
285,Briana,Malyj,bmalyj7w@digg.com,Agender,208.0.110.186
286,Lida,Gelland,lgelland7x@accuweather.com,Genderfluid,62.147.251.207
287,Robby,Lucchi,rlucchi7y@scribd.com,Polygender,224.64.230.58
288,Therese,Kildale,tkildale7z@digg.com,Polygender,197.36.241.65
289,Cammy,Wynes,cwynes80@biblegateway.com,Agender,56.201.113.41
290,Sadie,Merington,smerington81@soup.io,Polygender,192.105.228.55
291,Feliks,Bickford,fbickford82@wordpress.com,Non-binary,15.243.251.185
292,Elfrieda,McErlaine,emcerlaine83@hostgator.com,Genderqueer,1.228.91.239
293,Mart,Timberlake,mtimberlake84@prlog.org,Polygender,229.7.173.22
294,Tarrah,Rapport,trapport85@reference.com,Female,82.95.198.48
295,Lisle,Hulburt,lhulburt86@marketwatch.com,Male,185.33.215.160
296,Randell,Harber,rharber87@loc.gov,Bigender,126.21.176.0
297,Faustine,Thulborn,fthulborn88@google.com,Genderfluid,51.113.246.12
298,Nita,Hubbins,nhubbins89@craigslist.org,Agender,212.138.109.90
299,Cheslie,Gwynne,cgwynne8a@disqus.com,Bigender,215.39.79.213
300,Karim,Wakes,kwakes8b@amazon.co.jp,Bigender,51.126.129.71
301,Delmer,Houselee,dhouselee8c@wix.com,Male,225.73.183.120
302,Babara,Gaunter,bgaunter8d@time.com,Female,250.225.143.102
303,Dalis,Loughren,dloughren8e@nature.com,Genderfluid,217.130.95.215
304,Gaynor,Elwood,gelwood8f@etsy.com,Agender,61.72.117.4
305,Harbert,Purrington,hpurrington8g@nymag.com,Non-binary,180.207.202.216
306,Erick,Nestor,enestor8h@nba.com,Genderfluid,156.249.96.146
307,Emery,Ivell,eivell8i@privacy.gov.au,Female,132.16.196.163
308,Morrie,Erratt,merratt8j@shinystat.com,Male,35.7.22.68
309,Eilis,Linskill,elinskill8k@thetimes.co.uk,Polygender,88.151.35.18
310,Trisha,Bennallck,tbennallck8l@wikispaces.com,Female,47.77.227.219
311,Honor,Pomfret,hpomfret8m@zdnet.com,Male,67.115.104.58
312,Erika,Manlow,emanlow8n@bloglovin.com,Polygender,188.159.21.234
313,Rollins,Quartly,rquartly8o@posterous.com,Genderqueer,96.2.204.225
314,Tris,Paxman,tpaxman8p@theatlantic.com,Bigender,146.126.140.248
315,Gavrielle,Durak,gdurak8q@github.io,Polygender,1.185.112.0
316,Natassia,Matuszewski,nmatuszewski8r@cocolog-nifty.com,Genderfluid,141.105.23.75
317,Emery,Hutten,ehutten8s@mail.ru,Polygender,196.93.5.25
318,Wilburt,Izzett,wizzett8t@sohu.com,Non-binary,129.90.19.225
319,Pansie,Vasyutkin,pvasyutkin8u@youku.com,Agender,98.239.9.45
320,Salmon,Rogan,srogan8v@bluehost.com,Agender,83.31.102.84
321,Adelina,Baxstar,abaxstar8w@dmoz.org,Non-binary,96.228.236.0
322,Lanita,Briffett,lbriffett8x@digg.com,Non-binary,81.29.84.50
323,Shurwood,Jancso,sjancso8y@senate.gov,Agender,193.180.166.59
324,Priscella,Mallen,pmallen8z@pcworld.com,Genderqueer,101.189.56.1
325,Doreen,Pullen,dpullen90@gov.uk,Female,208.140.59.222
326,Adrianne,Collington,acollington91@sina.com.cn,Agender,248.13.40.5
327,Dean,Studart,dstudart92@acquirethisname.com,Male,167.8.113.177
328,Ursulina,Boldry,uboldry93@fema.gov,Female,202.3.153.111
329,Donia,Hollingby,dhollingby94@timesonline.co.uk,Non-binary,212.109.175.81
330,Cal,Crush,ccrush95@elpais.com,Female,84.43.120.42
331,Alix,Blampied,ablampied96@a8.net,Female,164.161.202.134
332,Noland,Dyott,ndyott97@vk.com,Agender,6.157.247.164
333,Rudy,Watkinson,rwatkinson98@usgs.gov,Polygender,246.12.1.9
334,Laure,Berfoot,lberfoot99@aboutads.info,Agender,44.119.214.221
335,Silvana,Bartholomew,sbartholomew9a@wikia.com,Bigender,252.144.101.109
336,Rivy,Dulwitch,rdulwitch9b@imageshack.us,Female,186.95.92.72
337,Bliss,Ghilks,bghilks9c@mlb.com,Non-binary,122.117.170.36
338,Ozzie,Farncombe,ofarncombe9d@etsy.com,Male,71.98.148.128
339,Malvin,Edie,medie9e@theguardian.com,Bigender,114.170.35.22
340,Hilda,Godmar,hgodmar9f@netscape.com,Agender,108.245.160.105
341,Lorena,Ilyenko,lilyenko9g@guardian.co.uk,Male,94.69.162.144
342,Una,Dufer,udufer9h@google.fr,Genderfluid,11.114.236.89
343,Shirleen,Chalfant,schalfant9i@people.com.cn,Non-binary,43.206.239.203
344,Jareb,Coxen,jcoxen9j@omniture.com,Polygender,20.246.4.48
345,Celie,Paice,cpaice9k@princeton.edu,Agender,202.202.202.147
346,Marcille,Castiglio,mcastiglio9l@wp.com,Male,198.96.54.0
347,Bard,Killoran,bkilloran9m@istockphoto.com,Polygender,154.214.60.164
348,Jaynell,Downage,jdownage9n@mtv.com,Non-binary,102.95.148.140
349,Clem,Gercken,cgercken9o@google.co.uk,Non-binary,57.89.239.76
350,Sarina,Capin,scapin9p@unicef.org,Non-binary,50.39.171.131
351,Hube,Udale,hudale9q@yellowbook.com,Non-binary,55.229.179.198
352,Maryanne,Conachy,mconachy9r@altervista.org,Non-binary,7.136.125.96
353,Willyt,Perritt,wperritt9s@google.pl,Polygender,13.97.162.218
354,Zak,Moynihan,zmoynihan9t@ibm.com,Non-binary,230.85.144.48
355,Cass,Geist,cgeist9u@bloglines.com,Non-binary,87.194.154.10
356,Dasi,Sandys,dsandys9v@china.com.cn,Polygender,219.128.162.162
357,Cherlyn,Sabbins,csabbins9w@telegraph.co.uk,Genderfluid,106.227.74.146
358,Rosalinde,Dunan,rdunan9x@webnode.com,Genderfluid,180.19.115.179
359,Anneliese,Pipes,apipes9y@pbs.org,Male,20.4.79.188
360,Enrique,Ceci,ececi9z@home.pl,Male,75.5.225.239
361,Agnella,Rouchy,arouchya0@mediafire.com,Genderfluid,201.159.137.222
362,Kaycee,Vowles,kvowlesa1@yellowbook.com,Genderfluid,161.150.190.87
363,Ward,Ayre,wayrea2@reddit.com,Genderfluid,133.144.158.201
364,Jodie,Beteriss,jbeterissa3@phpbb.com,Non-binary,12.9.0.39
365,Dick,Abys,dabysa4@wisc.edu,Female,124.170.166.230
366,Erik,Veysey,eveyseya5@sphinn.com,Female,3.176.130.166
367,Norris,Tremolieres,ntremolieresa6@oaic.gov.au,Female,70.175.24.183
368,Skylar,Loughhead,sloughheada7@wufoo.com,Genderqueer,253.154.154.52
369,Killie,Grisewood,kgrisewooda8@sogou.com,Non-binary,115.19.54.117
370,Gideon,Yakubowicz,gyakubowicza9@epa.gov,Bigender,228.248.196.189
371,Nessie,Zapater,nzapateraa@fema.gov,Male,91.9.39.141
372,Ceciley,Jaqueme,cjaquemeab@furl.net,Bigender,160.154.92.169
373,Gracia,Woodwind,gwoodwindac@nymag.com,Female,48.205.244.234
374,Diandra,Amsberger,damsbergerad@reuters.com,Agender,188.165.68.80
375,Jarib,Shermore,jshermoreae@ameblo.jp,Genderfluid,132.102.55.34
376,Booth,Dartan,bdartanaf@photobucket.com,Bigender,52.10.113.43
377,Tedmund,Cordelle,tcordelleag@acquirethisname.com,Bigender,39.69.116.159
378,Claire,Cockerton,ccockertonah@xrea.com,Genderfluid,63.59.47.181
379,Loni,Greaterex,lgreaterexai@telegraph.co.uk,Genderfluid,20.116.149.35
380,Demeter,Praundlin,dpraundlinaj@ameblo.jp,Female,21.123.58.3
381,Aurelia,Rewan,arewanak@scribd.com,Genderqueer,108.208.19.218
382,Dominik,Tokley,dtokleyal@bing.com,Genderfluid,220.196.124.161
383,Irene,Marcos,imarcosam@ucla.edu,Male,117.185.117.110
384,Gordan,Largen,glargenan@pinterest.com,Genderqueer,193.74.92.225
385,Pavia,Lomb,plombao@plala.or.jp,Agender,240.50.48.7
386,Candy,Wane,cwaneap@printfriendly.com,Male,5.71.223.106
387,Welsh,Murfett,wmurfettaq@dot.gov,Bigender,175.165.233.51
388,Ursulina,Gludor,ugludorar@ed.gov,Female,38.30.103.75
389,Tracey,Cossington,tcossingtonas@hud.gov,Female,236.119.54.107
390,Eunice,Bard,ebardat@behance.net,Genderfluid,123.128.229.132
391,Eunice,Petrolli,epetrolliau@ask.com,Genderfluid,253.246.17.177
392,Tallulah,Asee,taseeav@booking.com,Agender,108.122.241.111
393,Dougie,Raper,draperaw@census.gov,Genderfluid,108.254.236.242
394,Ax,Flisher,aflisherax@amazon.com,Genderqueer,149.90.156.222
395,Romy,Gubbins,rgubbinsay@ovh.net,Genderfluid,75.237.163.191
396,Wilbur,Dwelly,wdwellyaz@last.fm,Agender,86.77.9.86
397,Estel,Stubbe,estubbeb0@nps.gov,Genderfluid,32.251.91.251
398,Cart,Bratchell,cbratchellb1@free.fr,Agender,73.33.112.96
399,Lissi,Speechley,lspeechleyb2@google.nl,Male,222.235.148.188
400,Catie,Swaden,cswadenb3@nature.com,Genderfluid,119.222.161.86
401,Talia,Vennard,tvennardb4@google.co.uk,Bigender,15.178.135.11
402,Grace,Ilden,gildenb5@java.com,Bigender,59.204.76.174
403,Ellswerth,Kilgallen,ekilgallenb6@surveymonkey.com,Bigender,252.32.58.205
404,Nadya,Twelves,ntwelvesb7@vk.com,Polygender,78.70.99.171
405,Mamie,Gierth,mgierthb8@cisco.com,Genderqueer,97.73.68.60
406,Priscella,Broggelli,pbroggellib9@domainmarket.com,Polygender,162.138.218.205
407,Travers,Ginnety,tginnetyba@canalblog.com,Genderfluid,41.21.31.129
408,Caitlin,Kener,ckenerbb@slate.com,Bigender,54.70.215.204
409,Arlyne,Brisker,abriskerbc@tmall.com,Non-binary,13.143.213.123
410,Solomon,Aim,saimbd@goodreads.com,Male,40.15.162.162
411,Raffaello,Wilden,rwildenbe@omniture.com,Polygender,86.118.157.233
412,Samantha,Mallan,smallanbf@usa.gov,Bigender,193.196.81.45
413,Andros,McEachern,amceachernbg@ftc.gov,Non-binary,111.224.0.29
414,Herculie,Apps,happsbh@domainmarket.com,Non-binary,55.182.187.202
415,Alfy,Barthelet,abartheletbi@census.gov,Genderqueer,25.56.202.10
416,Angela,Kiddie,akiddiebj@europa.eu,Genderqueer,194.171.33.198
417,Phelia,Bendon,pbendonbk@yandex.ru,Female,101.10.115.83
418,Gates,Jerrard,gjerrardbl@paginegialle.it,Genderfluid,1.161.133.142
419,Bail,Barbera,bbarberabm@booking.com,Bigender,64.29.0.84
420,Stoddard,Van Der Weedenburg,svanderweedenburgbn@ucoz.ru,Female,95.84.65.71
421,Irvin,Peters,ipetersbo@blinklist.com,Polygender,11.47.135.251
422,Enrico,O'Cridigan,eocridiganbp@blogs.com,Genderqueer,57.163.157.204
423,Burl,Ashelford,bashelfordbq@freewebs.com,Bigender,120.38.217.126
424,Tonia,Alger,talgerbr@indiatimes.com,Polygender,170.187.185.134
425,Nat,Daly,ndalybs@ehow.com,Genderqueer,211.66.111.150
426,Jamil,Carette,jcarettebt@blogger.com,Male,84.249.217.248
427,Koenraad,Breakwell,kbreakwellbu@indiatimes.com,Male,162.207.193.7
428,Deloris,Edgeson,dedgesonbv@patch.com,Polygender,146.184.223.0
429,Pernell,Raggles,pragglesbw@youku.com,Polygender,78.104.19.69
430,Kevon,Friedman,kfriedmanbx@nasa.gov,Polygender,131.42.118.206
431,Orel,Rillatt,orillattby@cnbc.com,Agender,59.76.195.50
432,Manya,Spurman,mspurmanbz@wordpress.org,Polygender,71.127.189.33
433,Jeremiah,Wellard,jwellardc0@boston.com,Polygender,73.120.132.219
434,Sim,Halm,shalmc1@oakley.com,Non-binary,220.123.175.188
435,Emile,Tomes,etomesc2@arstechnica.com,Genderfluid,83.187.6.112
436,Ramonda,Lohan,rlohanc3@blogs.com,Bigender,88.167.26.34
437,Janaye,Hayselden,jhayseldenc4@yelp.com,Agender,77.54.191.56
438,Alberto,O'Drought,aodroughtc5@aboutads.info,Non-binary,246.21.204.26
439,Kati,Robiou,krobiouc6@4shared.com,Polygender,94.112.34.104
440,Aluino,Benzies,abenziesc7@moonfruit.com,Bigender,95.178.168.163
441,Ernst,China,echinac8@home.pl,Female,149.8.12.136
442,Brynne,Mardee,bmardeec9@fema.gov,Male,161.212.181.24
443,Nanette,Loraine,nloraineca@sphinn.com,Male,208.129.73.143
444,Wright,Hitchens,whitchenscb@csmonitor.com,Bigender,90.145.182.82
445,Gustavo,Tuffield,gtuffieldcc@mozilla.org,Male,177.66.2.107
446,Meriel,Emblen,memblencd@jalbum.net,Genderqueer,204.229.42.72
447,Claus,Wehner,cwehnerce@a8.net,Agender,221.229.9.155
448,Othello,Deackes,odeackescf@tuttocitta.it,Genderqueer,68.166.77.63
449,Tricia,McParland,tmcparlandcg@google.com.br,Genderfluid,80.190.201.238
450,Corny,Brockie,cbrockiech@psu.edu,Genderfluid,200.209.133.130
451,Vania,Matyugin,vmatyuginci@state.gov,Male,199.34.230.47
452,Franciska,Keeting,fkeetingcj@opensource.org,Polygender,140.211.88.175
453,Jennilee,Klement,jklementck@sfgate.com,Polygender,39.131.162.2
454,Margarete,Allam,mallamcl@aol.com,Bigender,100.99.53.4
455,Gregg,Bang,gbangcm@bravesites.com,Genderfluid,63.71.109.253
456,Odille,Blethin,oblethincn@dailymail.co.uk,Non-binary,36.82.14.28
457,Carlina,Sperwell,csperwellco@auda.org.au,Non-binary,24.17.63.117
458,Bogey,Kobpac,bkobpaccp@umich.edu,Genderfluid,101.213.110.21
459,Edi,Bastide,ebastidecq@dmoz.org,Genderfluid,135.179.43.213
460,Babita,Thurston,bthurstoncr@sourceforge.net,Genderfluid,131.185.253.237
461,Chrotoem,Chaffin,cchaffincs@istockphoto.com,Female,219.117.205.160
462,Natalina,Cromley,ncromleyct@themeforest.net,Bigender,222.201.245.209
463,Dotty,Stocken,dstockencu@g.co,Agender,59.149.63.213
464,Nickie,Tournie,ntourniecv@zdnet.com,Polygender,82.197.20.218
465,Carlita,McAndrew,cmcandrewcw@dailymotion.com,Female,215.84.105.213
466,Clair,Owens,cowenscx@blogs.com,Genderfluid,228.179.196.145
467,Broderick,Corten,bcortency@imdb.com,Genderqueer,14.184.216.236
468,Loria,Mitcheson,lmitchesoncz@apple.com,Non-binary,70.157.205.50
469,Joleen,Brislan,jbrisland0@netscape.com,Female,2.225.46.71
470,Osgood,Balsdon,obalsdond1@issuu.com,Bigender,162.12.251.113
471,Laure,Rosenstein,lrosensteind2@marriott.com,Female,117.96.189.227
472,Emera,Rottenbury,erottenburyd3@independent.co.uk,Polygender,46.25.129.181
473,Hamish,Bramall,hbramalld4@woothemes.com,Bigender,89.109.209.190
474,Sharron,Coolahan,scoolahand5@sourceforge.net,Polygender,50.166.147.132
475,Claiborn,Proby,cprobyd6@unicef.org,Non-binary,93.217.156.222
476,Malcolm,Durling,mdurlingd7@pagesperso-orange.fr,Non-binary,148.193.87.247
477,Devina,Probbings,dprobbingsd8@java.com,Genderqueer,170.82.76.237
478,Olag,Pletts,oplettsd9@columbia.edu,Genderqueer,81.137.253.85
479,Walt,Tolefree,wtolefreeda@buzzfeed.com,Female,69.142.233.97
480,Ardeen,Luciano,alucianodb@dagondesign.com,Agender,233.143.50.66
481,Gwynne,Roath,groathdc@yahoo.co.jp,Bigender,36.226.62.184
482,Melonie,Hutten,mhuttendd@marriott.com,Genderfluid,180.25.233.94
483,Vicky,Creyke,vcreykede@yellowpages.com,Non-binary,240.18.86.193
484,Querida,Rowth,qrowthdf@ezinearticles.com,Agender,234.200.225.178
485,Glen,Thulborn,gthulborndg@guardian.co.uk,Agender,82.173.255.182
486,Ben,Maffione,bmaffionedh@cam.ac.uk,Polygender,216.80.228.1
487,Angele,Padula,apaduladi@un.org,Male,113.52.231.65
488,Dory,Mattei,dmatteidj@fotki.com,Polygender,191.192.175.88
489,Eleanore,Berzons,eberzonsdk@joomla.org,Polygender,152.127.91.226
490,Britteny,Bestiman,bbestimandl@multiply.com,Genderfluid,114.230.172.190
491,Nikolaus,Braxton,nbraxtondm@jugem.jp,Genderfluid,76.172.187.61
492,Margareta,Likely,mlikelydn@reuters.com,Genderfluid,252.28.135.248
493,Tiffani,Lowrey,tlowreydo@vk.com,Bigender,78.37.163.203
494,Brannon,Izkovici,bizkovicidp@ted.com,Bigender,209.69.164.97
495,Juliann,Lithcow,jlithcowdq@wp.com,Genderfluid,39.251.238.61
496,Lane,Lonsbrough,llonsbroughdr@creativecommons.org,Agender,80.65.164.50
497,Even,Gayne,egayneds@dailymotion.com,Agender,82.217.125.226
498,Les,Gerardin,lgerardindt@uiuc.edu,Female,103.186.8.6
499,Yves,Hambright,yhambrightdu@technorati.com,Agender,229.19.232.184
500,Bel,Cordaroy,bcordaroydv@privacy.gov.au,Agender,217.181.168.17
501,Brigitte,Milward,bmilwarddw@pcworld.com,Bigender,136.130.128.219
502,Angelo,Grindell,agrindelldx@buzzfeed.com,Polygender,89.127.164.92
503,Alfy,Ellen,aellendy@cbc.ca,Genderqueer,196.42.169.99
504,Toddie,Biggins,tbigginsdz@deviantart.com,Polygender,234.91.140.65
505,Pamella,Paget,ppagete0@aol.com,Bigender,55.7.65.196
506,Park,Shiel,pshiele1@toplist.cz,Female,196.27.230.252
507,Charleen,Angelo,cangeloe2@mysql.com,Polygender,105.153.113.235
508,Flynn,Rospars,frosparse3@t.co,Agender,100.54.116.237
509,Shauna,Sinton,ssintone4@123-reg.co.uk,Non-binary,27.162.200.100
510,Carleen,Carrane,ccarranee5@goo.ne.jp,Agender,170.204.237.231
511,Zak,Churchouse,zchurchousee6@qq.com,Agender,64.168.223.131
512,Berke,Eidelman,beidelmane7@blinklist.com,Polygender,42.139.87.160
513,Ali,Harwood,aharwoode8@imdb.com,Genderqueer,243.41.251.255
514,Royall,Stronack,rstronacke9@imgur.com,Polygender,235.139.216.41
515,Edsel,Kersley,ekersleyea@gnu.org,Genderfluid,32.213.50.8
516,Sheilah,Pendlenton,spendlentoneb@simplemachines.org,Non-binary,68.210.180.60
517,Thomas,Mewhirter,tmewhirterec@sourceforge.net,Polygender,171.41.75.122
518,Cyndie,Stilliard,cstilliarded@pagesperso-orange.fr,Male,25.212.232.69
519,Kalinda,Jeannequin,kjeannequinee@virginia.edu,Agender,162.174.114.24
520,Welch,Noteyoung,wnoteyoungef@china.com.cn,Polygender,195.186.222.172
521,Gilbertina,Tsar,gtsareg@who.int,Male,206.213.61.153
522,Carena,Letts,clettseh@webeden.co.uk,Male,17.205.174.173
523,Casi,Clift,ccliftei@ow.ly,Male,95.206.130.32
524,Callie,Seabrocke,cseabrockeej@bing.com,Male,207.161.166.197
525,Hildagard,Simonin,hsimoninek@bing.com,Female,29.153.183.43
526,Ray,Merton,rmertonel@istockphoto.com,Female,141.196.231.110
527,Hobart,Platts,hplattsem@tiny.cc,Bigender,116.245.153.222
528,Jenine,Headan,jheadanen@exblog.jp,Female,143.196.132.74
529,Abel,Bottrell,abottrelleo@printfriendly.com,Male,170.49.81.254
530,Maren,Djordjevic,mdjordjevicep@yolasite.com,Genderqueer,155.240.105.220
531,Brandice,Hatherley,bhatherleyeq@google.co.uk,Non-binary,2.33.110.184
532,Theobald,Downgate,tdowngateer@hc360.com,Non-binary,27.119.234.176
533,Kaila,Matuszak,kmatuszakes@nydailynews.com,Male,156.241.189.20
534,Regan,Pimblett,rpimblettet@github.io,Agender,170.132.234.159
535,Corbett,Rosenkrantz,crosenkrantzeu@noaa.gov,Bigender,231.138.57.91
536,Lee,Ansley,lansleyev@umn.edu,Genderfluid,211.40.82.101
537,Cos,Streak,cstreakew@amazon.de,Male,110.9.126.210
538,Juana,Splevin,jsplevinex@digg.com,Genderfluid,111.208.218.182
539,Bruno,Tow,btowey@yellowpages.com,Polygender,89.114.177.165
540,Margarethe,Sinnock,msinnockez@berkeley.edu,Male,181.78.210.220
541,Alberik,MacGillavery,amacgillaveryf0@sphinn.com,Bigender,112.62.75.197
542,Renell,Guidoni,rguidonif1@harvard.edu,Agender,225.233.54.101
543,Skelly,Samuels,ssamuelsf2@cisco.com,Genderqueer,148.16.43.81
544,Stormie,Yalden,syaldenf3@java.com,Female,0.227.188.189
545,Katie,Loder,kloderf4@tiny.cc,Non-binary,74.2.127.70
546,Broddie,Briatt,bbriattf5@storify.com,Female,253.69.107.179
547,Carlota,Peyes,cpeyesf6@buzzfeed.com,Female,128.103.94.20
548,Mommy,Seleway,mselewayf7@google.nl,Bigender,166.114.12.195
549,Teodoor,Brumby,tbrumbyf8@angelfire.com,Bigender,159.235.55.209
550,Ulric,Colwell,ucolwellf9@nba.com,Genderqueer,68.9.195.226
551,Karil,Skate,kskatefa@twitter.com,Non-binary,40.161.205.93
552,Tomas,Waddoups,twaddoupsfb@webs.com,Male,179.26.59.105
553,Caroline,Bartelet,cbarteletfc@elpais.com,Male,80.125.78.62
554,Wenona,Zotto,wzottofd@nature.com,Bigender,163.170.119.10
555,Yolande,Letch,yletchfe@sakura.ne.jp,Genderqueer,246.140.28.41
556,Al,Winsor,awinsorff@dailymotion.com,Genderqueer,205.209.13.204
557,Cindra,Thomasson,cthomassonfg@rakuten.co.jp,Agender,185.63.113.69
558,Bobbie,Grund,bgrundfh@bing.com,Genderqueer,206.137.83.49
559,La verne,Whinray,lwhinrayfi@kickstarter.com,Agender,38.170.180.94
560,Davis,Gussin,dgussinfj@indiatimes.com,Non-binary,106.144.117.58
561,Dre,Bielfeldt,dbielfeldtfk@privacy.gov.au,Genderqueer,50.169.187.78
562,Mord,Phlippi,mphlippifl@arstechnica.com,Genderqueer,145.4.50.136
563,Elton,Childes,echildesfm@twitter.com,Genderfluid,179.188.45.78
564,Nicolette,Ubee,nubeefn@npr.org,Genderqueer,94.239.96.67
565,Shanie,Shakspeare,sshakspearefo@weebly.com,Female,72.152.126.71
566,Hilda,Galloway,hgallowayfp@japanpost.jp,Bigender,113.133.124.163
567,Issi,Patis,ipatisfq@salon.com,Bigender,220.99.188.192
568,Leela,Alphonso,lalphonsofr@over-blog.com,Genderfluid,48.227.87.78
569,Camile,Upex,cupexfs@tumblr.com,Male,130.107.212.134
570,Corette,Baytrop,cbaytropft@wikimedia.org,Polygender,177.82.167.190
571,Josi,Crohan,jcrohanfu@ebay.co.uk,Female,199.113.125.21
572,Kacey,Masi,kmasifv@symantec.com,Non-binary,125.32.239.236
573,Lurlene,Vaughn,lvaughnfw@indiegogo.com,Female,136.152.142.204
574,Murial,Ginnell,mginnellfx@soup.io,Genderfluid,92.186.197.174
575,Ogdan,Sherwood,osherwoodfy@163.com,Polygender,139.76.161.58
576,Gavrielle,Zannotti,gzannottifz@biglobe.ne.jp,Genderqueer,105.26.79.6
577,Barbara-anne,Lifsey,blifseyg0@google.nl,Non-binary,178.241.81.17
578,Delphine,MacCarrick,dmaccarrickg1@businesswire.com,Male,219.38.140.110
579,Morry,Creed,mcreedg2@pen.io,Non-binary,16.67.228.239
580,Emma,Cliff,ecliffg3@hugedomains.com,Genderqueer,234.157.124.28
581,Amberly,Bockings,abockingsg4@businesswire.com,Polygender,161.160.37.83
582,Kial,Masden,kmasdeng5@examiner.com,Non-binary,26.3.83.40
583,Vincents,Scahill,vscahillg6@ameblo.jp,Female,103.8.44.204
584,Elton,Gainseford,egainsefordg7@businessinsider.com,Genderfluid,219.78.219.13
585,Mario,Tumelty,mtumeltyg8@dailymail.co.uk,Female,120.57.102.127
586,Elga,Addyman,eaddymang9@cargocollective.com,Male,73.97.210.239
587,Nev,Benkhe,nbenkhega@google.com.br,Male,158.154.95.227
588,Rosalinde,Jerrand,rjerrandgb@naver.com,Female,143.216.150.86
589,Perri,Grimmolby,pgrimmolbygc@marketwatch.com,Male,244.225.40.49
590,Dodie,Fransman,dfransmangd@parallels.com,Polygender,166.104.36.232
591,Tony,McKeighen,tmckeighenge@shinystat.com,Genderqueer,77.22.135.212
592,Tansy,Slorance,tslorancegf@cdc.gov,Female,235.11.183.104
593,Alley,Cureton,acuretongg@github.com,Male,193.226.33.123
594,Monique,Wolseley,mwolseleygh@wsj.com,Genderqueer,92.157.156.255
595,Will,Wimbush,wwimbushgi@ted.com,Agender,29.129.21.236
596,Martha,Cardenoso,mcardenosogj@ihg.com,Polygender,5.31.168.165
597,Ophelia,Schimonek,oschimonekgk@omniture.com,Genderqueer,76.7.122.178
598,Clea,Birch,cbirchgl@yelp.com,Polygender,6.246.206.180
599,Mannie,Jehu,mjehugm@myspace.com,Male,182.22.222.225
600,Brant,Fellenor,bfellenorgn@wiley.com,Female,1.203.39.135
601,Rafaela,Calven,rcalvengo@canalblog.com,Female,11.182.125.101
602,Stephine,Handrick,shandrickgp@last.fm,Non-binary,184.46.121.117
603,Damara,Rivaland,drivalandgq@uol.com.br,Polygender,37.196.175.163
604,Claresta,Rosenfelt,crosenfeltgr@unicef.org,Bigender,103.122.130.28
605,Davida,Hallybone,dhallybonegs@umich.edu,Genderqueer,167.255.178.145
606,Dale,Spalding,dspaldinggt@spotify.com,Non-binary,156.57.229.63
607,Inness,Mackieson,imackiesongu@sphinn.com,Male,14.67.133.121
608,Demeter,Kopisch,dkopischgv@goo.ne.jp,Bigender,39.171.199.238
609,Fairfax,Barribal,fbarribalgw@zimbio.com,Male,71.249.39.164
610,Patton,Philcott,pphilcottgx@xrea.com,Genderfluid,23.131.158.13
611,Drew,Conkling,dconklinggy@tripod.com,Genderfluid,14.59.121.131
612,Odo,Wharby,owharbygz@flavors.me,Non-binary,195.215.22.203
613,Saul,Warrilow,swarrilowh0@blogspot.com,Agender,237.59.96.76
614,Maren,McGruar,mmcgruarh1@bandcamp.com,Agender,228.175.207.193
615,Sherlocke,Coady,scoadyh2@craigslist.org,Genderqueer,251.219.105.46
616,Coriss,Yakobowitch,cyakobowitchh3@vinaora.com,Female,104.250.100.191
617,Kerri,Worner,kwornerh4@youku.com,Bigender,68.98.132.160
618,Dalli,Seath,dseathh5@slideshare.net,Female,205.142.207.156
619,Leigh,Kerley,lkerleyh6@wikia.com,Polygender,141.61.160.154
620,Madelin,Skippings,mskippingsh7@cbsnews.com,Bigender,13.126.130.13
621,Hugues,Brydell,hbrydellh8@techcrunch.com,Genderqueer,87.165.145.27
622,Joe,Rowland,jrowlandh9@youtube.com,Agender,177.4.71.222
623,Beverley,Rollings,brollingsha@soundcloud.com,Female,69.161.253.89
624,Cathi,Perrygo,cperrygohb@rediff.com,Non-binary,210.164.199.58
625,Lorne,Ducastel,lducastelhc@sfgate.com,Agender,144.166.145.122
626,Eirena,Prosch,eproschhd@disqus.com,Male,126.217.237.155
627,Malva,Sterley,msterleyhe@webeden.co.uk,Female,171.191.126.126
628,Ailis,Forker,aforkerhf@unc.edu,Non-binary,129.11.138.136
629,Di,Couser,dcouserhg@blogspot.com,Male,192.15.254.7
630,Vernon,O'Hederscoll,vohederscollhh@storify.com,Genderfluid,20.73.243.169
631,Cristabel,Tetther,ctettherhi@businessweek.com,Bigender,163.82.160.161
632,Alberto,Ogelbe,aogelbehj@vinaora.com,Non-binary,20.242.223.226
633,Prue,Pardy,ppardyhk@merriam-webster.com,Male,10.212.83.152
634,Connie,Niset,cnisethl@addthis.com,Agender,136.41.187.240
635,Daloris,Matic,dmatichm@globo.com,Bigender,57.104.5.81
636,Barnebas,Shead,bsheadhn@nature.com,Female,113.128.118.101
637,Ross,Castellino,rcastellinoho@jugem.jp,Female,245.194.157.57
638,Marta,Try,mtryhp@reddit.com,Female,129.215.235.15
639,Rosalyn,Crace,rcracehq@thetimes.co.uk,Genderqueer,120.155.214.26
640,Niccolo,O'Shirine,noshirinehr@joomla.org,Polygender,47.117.21.211
641,Pete,Pennicard,ppennicardhs@furl.net,Polygender,74.9.59.75
642,Brittan,Narrie,bnarrieht@theguardian.com,Non-binary,73.122.182.64
643,Zebadiah,Darrel,zdarrelhu@time.com,Bigender,254.224.173.71
644,Teressa,McKinney,tmckinneyhv@tripadvisor.com,Female,12.20.215.195
645,Nadiya,Zanardii,nzanardiihw@un.org,Male,234.42.198.33
646,Zachary,Roseborough,zroseboroughhx@facebook.com,Agender,82.100.160.243
647,Chrissie,Wanjek,cwanjekhy@sohu.com,Non-binary,39.164.193.55
648,Herbie,Trangmar,htrangmarhz@creativecommons.org,Bigender,38.197.168.212
649,Serge,Calladine,scalladinei0@infoseek.co.jp,Genderfluid,109.177.65.161
650,Kristoffer,Dyott,kdyotti1@cbc.ca,Bigender,125.145.94.118
651,Jemmy,Starmont,jstarmonti2@theatlantic.com,Female,234.79.119.184
652,Charmian,Kelsall,ckelsalli3@usatoday.com,Male,107.87.240.223
653,Haskel,Siccombe,hsiccombei4@smugmug.com,Genderqueer,55.109.126.185
654,Hettie,Catlette,hcatlettei5@slideshare.net,Agender,83.61.48.159
655,Carry,Mertsching,cmertschingi6@jiathis.com,Non-binary,175.248.134.52
656,Aylmer,Girardeau,agirardeaui7@example.com,Male,188.178.125.150
657,Corbett,Bartholomew,cbartholomewi8@webs.com,Female,104.154.254.54
658,Selig,Lillford,slillfordi9@cnn.com,Non-binary,141.232.173.200
659,Nicolea,Wogan,nwogania@facebook.com,Bigender,26.88.119.44
660,Sonny,Doonican,sdoonicanib@microsoft.com,Female,2.39.238.152
661,Bartholomeus,Creggan,bcregganic@psu.edu,Female,202.34.46.138
662,Amalita,Hakey,ahakeyid@ovh.net,Agender,100.175.202.97
663,Witty,Buntine,wbuntineie@mayoclinic.com,Male,168.102.95.6
664,Sheffield,Bovaird,sbovairdif@discuz.net,Female,94.216.122.128
665,Melvyn,Biggam,mbiggamig@a8.net,Male,173.156.4.86
666,Danielle,Gaythorpe,dgaythorpeih@yelp.com,Bigender,98.105.247.9
667,Ricoriki,Ready,rreadyii@redcross.org,Genderqueer,67.27.129.8
668,Florie,Denison,fdenisonij@adobe.com,Polygender,64.71.113.127
669,Connie,Worshall,cworshallik@businessinsider.com,Genderqueer,206.65.23.121
670,Karita,Rollins,krollinsil@constantcontact.com,Bigender,120.133.82.52
671,Ricki,Slinger,rslingerim@trellian.com,Male,151.113.150.149
672,Kate,Eede,keedein@friendfeed.com,Male,241.111.127.74
673,Antone,BURWIN,aburwinio@zdnet.com,Male,102.115.171.110
674,Brandais,Gaine,bgaineip@ft.com,Genderfluid,194.207.241.79
675,Ethelin,Ambroix,eambroixiq@jimdo.com,Agender,151.85.55.6
676,Murial,Lautie,mlautieir@tumblr.com,Non-binary,60.198.217.10
677,Tarra,Shoesmith,tshoesmithis@google.com,Female,240.156.2.115
678,Tamma,Birnie,tbirnieit@buzzfeed.com,Male,183.11.197.235
679,Lenee,Teese,lteeseiu@ning.com,Agender,36.151.222.202
680,Kalindi,Leivesley,kleivesleyiv@blogger.com,Polygender,50.213.183.226
681,Katerine,Ramplee,krampleeiw@nps.gov,Non-binary,187.149.90.130
682,Bartram,Quimby,bquimbyix@stumbleupon.com,Male,25.106.148.95
683,Pincus,Pynn,ppynniy@yandex.ru,Agender,123.211.254.22
684,Junia,Postance,jpostanceiz@nps.gov,Bigender,107.246.226.13
685,Allie,Hands,ahandsj0@oaic.gov.au,Non-binary,163.36.156.46
686,Edita,Reese,ereesej1@reference.com,Non-binary,137.208.6.10
687,Warren,Donnan,wdonnanj2@wsj.com,Agender,150.102.126.169
688,Levy,Cowlard,lcowlardj3@auda.org.au,Agender,222.5.108.171
689,Ragnar,Gonzalez,rgonzalezj4@sohu.com,Male,21.31.77.177
690,Jerri,Colam,jcolamj5@plala.or.jp,Genderfluid,56.132.153.213
691,Chandal,Klosa,cklosaj6@youtu.be,Genderqueer,70.192.85.60
692,Tomas,Brea,tbreaj7@tripadvisor.com,Bigender,80.119.126.31
693,Gerry,Quainton,gquaintonj8@canalblog.com,Male,31.234.63.181
694,Hillyer,Shillabeare,hshillabearej9@ucoz.ru,Non-binary,42.46.92.198
695,Clerkclaude,Culwen,cculwenja@dedecms.com,Agender,78.212.164.49
696,Jocelyn,Timeby,jtimebyjb@businesswire.com,Polygender,186.133.131.18
697,Joete,Oloshkin,joloshkinjc@soup.io,Genderqueer,209.192.23.3
698,Amandi,Pirolini,apirolinijd@goo.gl,Non-binary,11.205.250.152
699,Torey,Affuso,taffusoje@weibo.com,Female,254.72.14.192
700,Eleanor,Charville,echarvillejf@craigslist.org,Polygender,181.80.243.147
701,Gib,La Rosa,glarosajg@ihg.com,Agender,50.178.219.30
702,Aurthur,Dysert,adysertjh@harvard.edu,Agender,81.178.199.250
703,Joshuah,Suarez,jsuarezji@springer.com,Female,239.203.82.244
704,Ramsey,Dyter,rdyterjj@furl.net,Female,174.162.102.9
705,Mahala,Oboy,moboyjk@ucoz.com,Non-binary,150.173.211.140
706,Von,Sillwood,vsillwoodjl@homestead.com,Male,0.218.178.100
707,Katerine,Bardell,kbardelljm@un.org,Genderqueer,109.253.25.129
708,Micki,McGonagle,mmcgonaglejn@smugmug.com,Agender,165.205.163.168
709,Wayne,Venditti,wvendittijo@google.com.au,Male,22.101.173.152
710,Neville,Della Scala,ndellascalajp@vinaora.com,Male,93.32.193.150
711,Sapphire,Wallicker,swallickerjq@baidu.com,Bigender,85.140.190.197
712,Roobbie,Stegell,rstegelljr@ask.com,Female,72.224.137.32
713,Maria,Oxtarby,moxtarbyjs@vistaprint.com,Bigender,97.114.53.187
714,Ibby,Burgen,iburgenjt@livejournal.com,Male,107.234.221.196
715,Far,MacCome,fmaccomeju@dailymail.co.uk,Polygender,208.73.19.98
716,Dasha,Cominello,dcominellojv@hostgator.com,Non-binary,31.177.200.123
717,Candie,Dorkens,cdorkensjw@rakuten.co.jp,Bigender,154.215.64.119
718,Clyve,Butterfill,cbutterfilljx@bbc.co.uk,Female,95.133.231.215
719,Willdon,Mustill,wmustilljy@hatena.ne.jp,Genderqueer,205.201.70.70
720,Channa,Coult,ccoultjz@spotify.com,Genderqueer,27.40.24.129
721,Richmound,Haffner,rhaffnerk0@hexun.com,Female,149.13.65.223
722,Allyson,Bussetti,abussettik1@indiatimes.com,Female,155.115.46.141
723,Elinor,Cow,ecowk2@dailymail.co.uk,Genderfluid,148.35.121.136
724,Delora,Crux,dcruxk3@geocities.jp,Polygender,110.143.0.17
725,Floyd,Barrie,fbarriek4@wikia.com,Non-binary,0.23.128.241
726,Jere,Trout,jtroutk5@tumblr.com,Male,33.147.243.224
727,Berri,Catley,bcatleyk6@nba.com,Female,14.155.81.141
728,Art,Havers,ahaversk7@ebay.co.uk,Genderfluid,86.96.181.175
729,Earl,Westrip,ewestripk8@behance.net,Genderfluid,224.179.216.62
730,Karel,Cromack,kcromackk9@furl.net,Non-binary,210.67.3.245
731,Clim,Dabes,cdabeska@qq.com,Agender,217.131.133.72
732,Callie,Lundbeck,clundbeckkb@soup.io,Female,221.151.36.117
733,Hope,Rosenblum,hrosenblumkc@dyndns.org,Genderqueer,33.208.53.194
734,Son,Storrah,sstorrahkd@forbes.com,Bigender,233.22.120.66
735,Gustav,Lomaz,glomazke@go.com,Non-binary,230.218.60.35
736,Blanch,Meijer,bmeijerkf@macromedia.com,Genderqueer,225.133.166.239
737,Nerte,Ormes,normeskg@blog.com,Genderfluid,161.209.155.92
738,Loren,Back,lbackkh@usgs.gov,Male,143.32.195.107
739,Dilan,Lemasney,dlemasneyki@mayoclinic.com,Female,31.176.162.93
740,Linnie,Pretor,lpretorkj@examiner.com,Polygender,240.185.56.70
741,Kurt,Millthorpe,kmillthorpekk@rambler.ru,Male,108.219.155.126
742,Beckie,Mewett,bmewettkl@businessweek.com,Polygender,25.3.21.242
743,Arel,Edginton,aedgintonkm@a8.net,Genderfluid,252.80.58.118
744,Julie,Ander,janderkn@issuu.com,Polygender,117.160.103.69
745,Kali,Lescop,klescopko@lulu.com,Polygender,179.166.99.64
746,Aristotle,MacCague,amaccaguekp@ebay.co.uk,Genderfluid,220.25.68.9
747,Fransisco,Scarfe,fscarfekq@histats.com,Agender,5.235.50.162
748,Merilyn,Pocknoll,mpocknollkr@cdc.gov,Male,166.99.91.168
749,Audrie,Luparti,alupartiks@wsj.com,Genderqueer,94.47.242.173
750,Shaine,Beatson,sbeatsonkt@gmpg.org,Bigender,169.201.77.192
751,Vernon,Beaufoy,vbeaufoyku@google.fr,Agender,73.196.67.19
752,Fancy,Leggs,fleggskv@squidoo.com,Non-binary,222.181.121.172
753,Ibrahim,Hurrion,ihurrionkw@google.co.uk,Genderfluid,134.153.2.199
754,Guillemette,Cloute,gcloutekx@webnode.com,Polygender,32.170.104.102
755,Yance,Hagyard,yhagyardky@google.com.br,Polygender,110.30.184.109
756,Monroe,Leiden,mleidenkz@istockphoto.com,Agender,49.101.194.208
757,Barnebas,Ponten,bpontenl0@1688.com,Non-binary,73.24.157.37
758,Morris,Yousef,myousefl1@trellian.com,Non-binary,195.220.193.164
759,Leeanne,Shearstone,lshearstonel2@economist.com,Male,31.3.148.237
760,Domingo,Midgely,dmidgelyl3@barnesandnoble.com,Bigender,106.63.93.209
761,Andrea,Gelsthorpe,agelsthorpel4@vk.com,Male,59.7.40.75
762,Cordula,De Banke,cdebankel5@kickstarter.com,Genderqueer,181.5.129.204
763,Olwen,Bolletti,obollettil6@whitehouse.gov,Genderqueer,98.1.118.16
764,Guendolen,Gravet,ggravetl7@pagesperso-orange.fr,Bigender,86.223.156.84
765,Chandal,Kiellor,ckiellorl8@theglobeandmail.com,Agender,81.211.174.93
766,Beau,Hare,bharel9@wired.com,Genderfluid,244.7.127.253
767,Rana,McPhelim,rmcphelimla@nsw.gov.au,Genderfluid,23.117.72.84
768,Teodora,Hynes,thyneslb@redcross.org,Agender,119.79.155.255
769,Ilyssa,Gabbat,igabbatlc@google.co.uk,Polygender,28.83.23.172
770,Dell,Pavel,dpavelld@amazonaws.com,Polygender,246.117.226.148
771,Peria,Harby,pharbyle@sphinn.com,Male,151.149.29.212
772,Brose,Lineker,blinekerlf@de.vu,Polygender,164.48.56.99
773,Niki,Eburne,neburnelg@barnesandnoble.com,Genderfluid,178.168.70.141
774,Fidelity,Jeffers,fjefferslh@yellowbook.com,Non-binary,197.166.77.95
775,Thornton,Morby,tmorbyli@myspace.com,Female,24.19.35.65
776,Wendeline,Bunyard,wbunyardlj@hatena.ne.jp,Genderqueer,125.41.176.44
777,Jorry,Quarlis,jquarlislk@yahoo.co.jp,Genderfluid,196.195.226.84
778,Hyacinthie,Newvell,hnewvellll@nhs.uk,Bigender,125.231.1.159
779,Lek,Gawen,lgawenlm@adobe.com,Bigender,94.38.132.51
780,Tony,Pollen,tpollenln@army.mil,Genderfluid,254.141.92.212
781,Barton,Chomiszewski,bchomiszewskilo@google.com.br,Female,14.211.20.185
782,Aleda,Drust,adrustlp@vinaora.com,Male,170.156.196.0
783,Delmore,Ringrose,dringroselq@themeforest.net,Male,14.247.28.79
784,Xymenes,Mayze,xmayzelr@nifty.com,Non-binary,218.32.255.179
785,Gabbi,McNeilly,gmcneillyls@nba.com,Genderfluid,66.83.160.181
786,Joseito,Hamly,jhamlylt@is.gd,Polygender,240.166.158.3
787,Pinchas,Antuoni,pantuonilu@cdbaby.com,Genderqueer,41.39.222.161
788,Prent,Birt,pbirtlv@msu.edu,Female,109.18.63.69
789,Joella,Taunton,jtauntonlw@about.com,Agender,104.20.41.81
790,Ansel,Dansie,adansielx@eventbrite.com,Genderfluid,166.31.250.121
791,Nelle,Tustin,ntustinly@ebay.co.uk,Male,160.230.191.241
792,Fayina,Rathbone,frathbonelz@nhs.uk,Male,91.27.172.11
793,Druci,Mackiewicz,dmackiewiczm0@google.de,Genderqueer,160.78.10.90
794,Windham,Aronowitz,waronowitzm1@google.ca,Polygender,216.87.150.185
795,Nonie,Plascott,nplascottm2@oracle.com,Polygender,145.132.95.105
796,Vale,Bullivent,vbulliventm3@blogs.com,Non-binary,171.143.99.131
797,Marjory,Destouche,mdestouchem4@jiathis.com,Genderqueer,32.186.105.206
798,Damaris,Owthwaite,dowthwaitem5@netscape.com,Genderfluid,153.150.202.115
799,Caesar,Eric,cericm6@creativecommons.org,Polygender,232.30.14.130
800,Blakelee,Brundle,bbrundlem7@deviantart.com,Polygender,24.193.233.155
801,Pollyanna,Ledrane,pledranem8@springer.com,Genderqueer,234.240.15.255
802,Candide,Scriver,cscriverm9@hp.com,Male,126.107.137.184
803,Sabina,Jotcham,sjotchamma@cbslocal.com,Female,25.109.86.89
804,Taddeusz,Cattini,tcattinimb@nyu.edu,Polygender,126.212.123.172
805,Maire,Suggett,msuggettmc@goo.gl,Female,88.159.24.23
806,Garret,Instrell,ginstrellmd@altervista.org,Agender,75.163.35.8
807,Diandra,Zanutti,dzanuttime@yahoo.co.jp,Genderqueer,208.219.37.244
808,Isabel,Dewer,idewermf@unesco.org,Polygender,84.1.18.25
809,Benny,Baudone,bbaudonemg@lycos.com,Genderfluid,200.38.187.134
810,Jefferson,Stitfall,jstitfallmh@eepurl.com,Non-binary,11.50.181.203
811,Tobe,Garham,tgarhammi@csmonitor.com,Bigender,229.28.96.248
812,Edgar,Ivey,eiveymj@go.com,Genderfluid,101.141.92.129
813,Jacky,Rothon,jrothonmk@nsw.gov.au,Polygender,86.102.154.199
814,Benny,Goward,bgowardml@alibaba.com,Bigender,213.147.248.18
815,Mella,Sprosson,msprossonmm@g.co,Non-binary,64.162.141.51
816,Giordano,Punton,gpuntonmn@home.pl,Bigender,53.102.26.105
817,Xerxes,Simper,xsimpermo@hibu.com,Polygender,70.230.19.100
818,Austen,Probert,aprobertmp@yolasite.com,Agender,42.7.10.28
819,Starlin,Reynoollds,sreynoolldsmq@kickstarter.com,Non-binary,136.215.22.68
820,Josy,Feavearyear,jfeavearyearmr@tumblr.com,Male,189.118.2.127
821,Melloney,McMaster,mmcmasterms@indiegogo.com,Polygender,153.193.195.98
822,Cicily,Brodway,cbrodwaymt@seesaa.net,Bigender,113.211.100.50
823,Jany,Snashall,jsnashallmu@oracle.com,Agender,253.173.232.158
824,Ardyth,Aksell,aaksellmv@cmu.edu,Polygender,198.42.68.246
825,Leroy,Lente,llentemw@ow.ly,Non-binary,68.6.159.70
826,Ulric,Dobeson,udobesonmx@ed.gov,Female,235.215.88.205
827,Anallese,Spearing,aspearingmy@bigcartel.com,Male,132.30.169.131
828,Elinore,Bickerdicke,ebickerdickemz@house.gov,Male,144.72.235.53
829,L;urette,Linklet,llinkletn0@fastcompany.com,Genderfluid,195.169.143.33
830,Ives,Howat,ihowatn1@storify.com,Agender,209.214.192.105
831,Alyda,Nibley,anibleyn2@ft.com,Female,226.59.229.1
832,Vinnie,Chaldecott,vchaldecottn3@etsy.com,Genderqueer,234.109.215.195
833,Dalston,Hedon,dhedonn4@artisteer.com,Bigender,146.65.215.109
834,Michaelina,Moehle,mmoehlen5@marketwatch.com,Genderqueer,252.219.247.50
835,Gabriello,Malyj,gmalyjn6@github.com,Non-binary,226.250.48.246
836,Alphonse,Boleyn,aboleynn7@cnbc.com,Non-binary,98.205.157.152
837,Nanette,Froment,nfromentn8@loc.gov,Female,58.84.54.6
838,Salomo,Cawdell,scawdelln9@etsy.com,Genderqueer,163.181.178.252
839,Gretchen,Boycott,gboycottna@stumbleupon.com,Female,151.65.32.157
840,Giraldo,Uzzell,guzzellnb@irs.gov,Genderqueer,228.220.15.92
841,Terence,Illes,tillesnc@discuz.net,Agender,30.137.110.194
842,Cortie,Menault,cmenaultnd@mapquest.com,Genderfluid,130.51.186.51
843,Geri,Ranyelld,granyelldne@imageshack.us,Genderfluid,150.42.214.211
844,Felisha,Marzele,fmarzelenf@google.ru,Female,33.2.162.211
845,Hatti,Carlucci,hcarluccing@accuweather.com,Polygender,29.97.124.54
846,Coletta,Fatscher,cfatschernh@dyndns.org,Non-binary,229.17.224.54
847,Paul,Phythian,pphythianni@cafepress.com,Female,28.37.193.143
848,Orran,Perott,operottnj@oaic.gov.au,Non-binary,104.10.251.142
849,Nickolaus,Otton,nottonnk@cmu.edu,Non-binary,255.177.8.80
850,Roxane,Piborn,rpibornnl@craigslist.org,Bigender,111.34.13.13
851,Mora,Zoppo,mzopponm@google.ca,Female,223.157.60.241
852,Christoper,Saint,csaintnn@constantcontact.com,Polygender,241.31.221.69
853,Constantin,Goodger,cgoodgerno@cnbc.com,Agender,51.32.70.116
854,Leicester,Messingham,lmessinghamnp@ustream.tv,Male,238.143.84.162
855,Zitella,Coghill,zcoghillnq@w3.org,Polygender,186.171.171.31
856,Janey,Konrad,jkonradnr@ucsd.edu,Genderfluid,23.134.124.183
857,Arri,Cordery,acorderyns@netvibes.com,Female,209.20.60.141
858,Allin,Kirrens,akirrensnt@ovh.net,Bigender,194.107.157.171
859,Aindrea,Offner,aoffnernu@msu.edu,Female,156.166.249.191
860,Arron,Norquay,anorquaynv@ehow.com,Polygender,201.74.149.221
861,Waldemar,Palfreyman,wpalfreymannw@opensource.org,Agender,142.65.128.207
862,Antin,Abramof,aabramofnx@rambler.ru,Non-binary,179.41.95.14
863,Johanna,Pattenden,jpattendenny@over-blog.com,Male,210.43.166.144
864,Jessika,Orteu,jorteunz@mit.edu,Polygender,90.102.171.252
865,Gwynne,Partington,gpartingtono0@ocn.ne.jp,Genderqueer,128.180.10.75
866,Bryce,Matasov,bmatasovo1@psu.edu,Non-binary,123.86.8.15
867,Bjorn,Giblin,bgiblino2@scribd.com,Bigender,218.131.223.50
868,Brenn,Lightowlers,blightowlerso3@yellowbook.com,Non-binary,159.244.186.210
869,Pansy,O'Lehane,polehaneo4@discuz.net,Genderfluid,156.38.78.234
870,Onfre,Czadla,oczadlao5@stanford.edu,Genderfluid,215.169.217.17
871,Chiquia,Roset,croseto6@gov.uk,Genderfluid,193.67.233.166
872,Dimitri,Robatham,drobathamo7@wiley.com,Non-binary,185.17.208.133
873,Hugo,Canto,hcantoo8@businesswire.com,Polygender,85.19.37.76
874,Hamil,Cagan,hcagano9@phoca.cz,Genderfluid,200.233.168.245
875,Yettie,Hollindale,yhollindaleoa@icio.us,Agender,104.57.202.97
876,Yurik,Malafe,ymalafeob@booking.com,Agender,4.165.250.117
877,Kirby,Gravie,kgravieoc@dailymotion.com,Male,217.103.52.125
878,Sylvan,Fells,sfellsod@timesonline.co.uk,Genderqueer,159.45.86.228
879,Thane,Martlew,tmartlewoe@paypal.com,Polygender,201.91.125.252
880,Mitchel,Vasiljevic,mvasiljevicof@histats.com,Female,60.101.219.77
881,Kaja,Crofts,kcroftsog@lulu.com,Male,100.40.67.248
882,Willow,Dericot,wdericotoh@answers.com,Polygender,73.203.103.19
883,Lorine,Huscroft,lhuscroftoi@soundcloud.com,Genderfluid,142.200.226.3
884,Bruno,Karby,bkarbyoj@imageshack.us,Male,201.250.191.25
885,Sterling,MacGillreich,smacgillreichok@cnn.com,Non-binary,129.166.172.235
886,Lauryn,Tisor,ltisorol@ow.ly,Genderqueer,164.10.5.140
887,Jaimie,Keirl,jkeirlom@salon.com,Non-binary,166.109.115.99
888,Kirby,Beteriss,kbeterisson@goo.ne.jp,Polygender,83.95.195.199
889,Bree,Oxtarby,boxtarbyoo@hibu.com,Polygender,208.69.145.89
890,Tucky,Giovannilli,tgiovannilliop@ox.ac.uk,Agender,114.154.220.163
891,Elvin,Woolston,ewoolstonoq@sciencedaily.com,Bigender,105.139.136.78
892,Fanni,Milius,fmiliusor@cdbaby.com,Bigender,126.104.83.221
893,Ofelia,Trett,otrettos@pcworld.com,Bigender,110.70.145.58
894,Stanley,Beak,sbeakot@apache.org,Polygender,208.92.26.240
895,Jessalyn,Abrams,jabramsou@wsj.com,Agender,147.167.148.232
896,Sancho,Martyns,smartynsov@netscape.com,Genderqueer,116.193.155.212
897,Alverta,Milroy,amilroyow@free.fr,Genderqueer,94.12.118.168
898,Ashlin,Grooby,agroobyox@hibu.com,Female,59.118.185.120
899,Dwight,O'Fogarty,dofogartyoy@liveinternet.ru,Non-binary,79.200.185.212
900,Ashil,Lagen,alagenoz@ocn.ne.jp,Bigender,124.0.169.186
901,Lockwood,Reinbeck,lreinbeckp0@who.int,Male,92.13.231.205
902,Gaston,Saddington,gsaddingtonp1@howstuffworks.com,Non-binary,110.120.30.162
903,Sully,Dibbs,sdibbsp2@baidu.com,Polygender,57.176.25.243
904,Stefano,Wimes,swimesp3@youku.com,Agender,135.163.1.125
905,Bale,Roycraft,broycraftp4@disqus.com,Male,184.167.82.59
906,Nicola,Mozzetti,nmozzettip5@ocn.ne.jp,Polygender,149.214.29.83
907,Stanislas,Stollwerck,sstollwerckp6@hhs.gov,Genderqueer,95.42.44.129
908,Brandice,Dumbreck,bdumbreckp7@sfgate.com,Bigender,177.170.82.32
909,Garrot,Moggan,gmogganp8@gov.uk,Female,97.30.198.235
910,Berry,Kingsman,bkingsmanp9@ca.gov,Polygender,67.66.76.78
911,Andrej,Hayen,ahayenpa@topsy.com,Bigender,252.250.104.123
912,Christoper,Babar,cbabarpb@hc360.com,Female,83.98.202.1
913,Corbie,Urvoy,curvoypc@joomla.org,Genderfluid,39.46.221.17
914,Marlyn,Cancelier,mcancelierpd@prweb.com,Female,20.84.118.14
915,Trista,Mowne,tmownepe@delicious.com,Male,60.186.59.213
916,Alice,Baudic,abaudicpf@mtv.com,Female,101.54.92.225
917,Kariotta,Issacoff,kissacoffpg@paginegialle.it,Agender,247.45.140.77
918,Garwin,Dutson,gdutsonph@sogou.com,Polygender,213.197.138.124
919,Sonnnie,Lingley,slingleypi@npr.org,Male,25.194.2.43
920,Hebert,Mauger,hmaugerpj@oaic.gov.au,Bigender,129.112.162.133
921,Kally,Petre,kpetrepk@liveinternet.ru,Non-binary,119.246.69.233
922,Bibi,Stedman,bstedmanpl@nature.com,Polygender,196.123.67.129
923,Den,Wyley,dwyleypm@cocolog-nifty.com,Non-binary,228.206.241.238
924,Auberon,Carlozzi,acarlozzipn@opera.com,Agender,52.198.171.172
925,Eustace,Peche,epechepo@marketwatch.com,Non-binary,180.128.208.212
926,Melisent,Broadbury,mbroadburypp@npr.org,Non-binary,169.251.130.159
927,Sigmund,Lodewick,slodewickpq@alibaba.com,Genderqueer,127.5.195.70
928,Jay,Vennings,jvenningspr@clickbank.net,Genderqueer,125.177.173.103
929,Corey,Hallawell,challawellps@mozilla.com,Polygender,234.180.128.193
930,Gladi,Rapps,grappspt@meetup.com,Male,136.255.50.203
931,Latia,Duffie,lduffiepu@abc.net.au,Genderfluid,219.63.39.166
932,Alric,Hanes,ahanespv@cnn.com,Genderqueer,199.162.248.11
933,Fabian,Dobbson,fdobbsonpw@prweb.com,Female,68.70.76.137
934,Alasdair,Yeldon,ayeldonpx@netscape.com,Genderqueer,69.160.219.252
935,Sada,Skipp,sskipppy@123-reg.co.uk,Polygender,124.147.168.185
936,Bridget,Atling,batlingpz@wiley.com,Genderqueer,215.155.21.33
937,Rickard,Hendrick,rhendrickq0@barnesandnoble.com,Female,144.122.5.232
938,Frants,Konig,fkonigq1@google.pl,Non-binary,98.16.183.11
939,Flossi,Brumby,fbrumbyq2@dailymail.co.uk,Agender,64.107.225.88
940,Cyndy,Bradbrook,cbradbrookq3@youtu.be,Genderqueer,172.28.146.240
941,Witty,Hush,whushq4@telegraph.co.uk,Male,97.17.53.57
942,Salli,Flecknoe,sflecknoeq5@webeden.co.uk,Polygender,224.206.114.229
943,Roberta,Weins,rweinsq6@google.com,Genderfluid,1.43.75.180
944,Wally,Midgely,wmidgelyq7@wikipedia.org,Bigender,136.143.113.173
945,Nickolai,Northedge,nnorthedgeq8@about.com,Genderqueer,208.81.113.47
946,Dino,Feldheim,dfeldheimq9@nps.gov,Agender,157.149.183.41
947,Boyd,Cosgriff,bcosgriffqa@taobao.com,Bigender,50.234.194.3
948,Rolph,Laboune,rlabouneqb@hhs.gov,Genderqueer,50.108.14.40
949,Clarey,Carleman,ccarlemanqc@goo.ne.jp,Genderqueer,17.73.244.73
950,Auberon,Keelinge,akeelingeqd@mashable.com,Polygender,216.34.68.20
951,Lauraine,Dalli,ldalliqe@studiopress.com,Bigender,89.90.216.154
952,Lin,Baylay,lbaylayqf@hatena.ne.jp,Agender,116.240.74.107
953,Ferdy,Hazelby,fhazelbyqg@yale.edu,Female,154.86.68.243
954,Mose,Ranstead,mransteadqh@independent.co.uk,Bigender,52.54.60.102
955,Kellyann,Lepard,klepardqi@mapquest.com,Non-binary,107.196.36.100
956,Raddie,Vandrill,rvandrillqj@dailymotion.com,Non-binary,2.70.108.225
957,Marys,Bolus,mbolusqk@canalblog.com,Bigender,16.64.61.73
958,Feodora,Shemelt,fshemeltql@studiopress.com,Agender,171.122.2.165
959,Natty,Hincks,nhincksqm@marketwatch.com,Polygender,97.146.119.230
960,Jackqueline,Christopherson,jchristophersonqn@wikipedia.org,Genderfluid,28.193.232.191
961,Quentin,Regelous,qregelousqo@un.org,Bigender,25.34.182.29
962,Jozef,Gedling,jgedlingqp@sun.com,Female,157.192.113.240
963,Jessie,Ithell,jithellqq@time.com,Female,119.251.100.252
964,Dre,Cowgill,dcowgillqr@weather.com,Non-binary,238.96.193.14
965,Lorin,Moorfield,lmoorfieldqs@hostgator.com,Non-binary,11.164.65.156
966,Berky,Curgenuer,bcurgenuerqt@usatoday.com,Genderfluid,234.55.168.146
967,Davin,Tedorenko,dtedorenkoqu@canalblog.com,Genderqueer,176.88.237.151
968,Terri-jo,Domoni,tdomoniqv@gnu.org,Genderfluid,247.198.20.206
969,Martica,Hackey,mhackeyqw@quantcast.com,Polygender,153.255.68.214
970,Rodolph,Rice,rriceqx@ow.ly,Male,166.128.93.142
971,Carleton,Ivens,civensqy@virginia.edu,Polygender,206.164.172.152
972,Marie-jeanne,Hadye,mhadyeqz@newsvine.com,Non-binary,70.7.227.146
973,Saleem,Chstney,schstneyr0@gnu.org,Polygender,153.202.18.104
974,Ario,Gohn,agohnr1@technorati.com,Genderfluid,19.120.39.153
975,Lennard,Bonnaire,lbonnairer2@deviantart.com,Male,105.122.186.7
976,Eden,Aleshkov,ealeshkovr3@i2i.jp,Agender,140.9.177.89
977,Tulley,Dewfall,tdewfallr4@soup.io,Bigender,207.35.198.148
978,Nancie,Daniau,ndaniaur5@usda.gov,Female,245.45.82.97
979,Jackqueline,Rabbitts,jrabbittsr6@wikispaces.com,Bigender,101.126.32.255
980,Vail,Brimilcome,vbrimilcomer7@jugem.jp,Genderqueer,178.238.155.10
981,Rip,Bracchi,rbracchir8@1688.com,Agender,227.46.59.96
982,Herminia,Leng,hlengr9@ameblo.jp,Agender,92.244.84.53
983,Cece,Varrow,cvarrowra@salon.com,Polygender,95.158.75.158
984,Wright,Wogan,wwoganrb@vistaprint.com,Female,197.5.145.212
985,Willi,Gatheral,wgatheralrc@redcross.org,Bigender,87.27.1.86
986,Giacomo,Geere,ggeererd@timesonline.co.uk,Genderqueer,145.210.235.8
987,Rolfe,Cockson,rcocksonre@dailymail.co.uk,Male,138.213.76.118
988,Eleen,Sambrok,esambrokrf@bravesites.com,Non-binary,50.28.119.36
989,Ally,Hasselby,ahasselbyrg@imgur.com,Bigender,34.11.55.109
990,Sula,Midlar,smidlarrh@geocities.jp,Polygender,75.36.79.184
991,Kevyn,Kemmer,kkemmerri@addtoany.com,Non-binary,100.229.48.58
992,Maryellen,Cooke,mcookerj@cdbaby.com,Genderfluid,183.252.61.233
993,Adrian,Lowndes,alowndesrk@shareasale.com,Genderfluid,212.190.149.227
994,Hastie,Duffett,hduffettrl@forbes.com,Male,238.221.58.183
995,Ivy,Onraet,ionraetrm@ted.com,Genderfluid,189.187.165.158
996,Mayor,Tunnicliff,mtunnicliffrn@ucoz.ru,Agender,220.228.47.16
997,Teresa,Van de Vlies,tvandevliesro@t.co,Male,155.97.208.246
998,Marijn,Walasik,mwalasikrp@blogtalkradio.com,Agender,57.46.174.67
999,Catherin,Chimes,cchimesrq@ucla.edu,Agender,102.78.170.143
1000,Lars,Stirland,lstirlandrr@state.gov,Genderfluid,63.198.60.102
