id,firstname,lastname,email,email2,profession
100,Bee,McClimans,Bee.McClimans@yopmail.com,Bee.McClimans@gmail.com,firefighter
101,Rivalee,Margarete,Rivalee.Margarete@yopmail.com,Rivalee.Margarete@gmail.com,firefighter
102,Daryl,Merell,Daryl.Merell@yopmail.com,Daryl.Merell@gmail.com,police officer
103,Roberta,Atonsah,Roberta.Atonsah@yopmail.com,Roberta.Atonsah@gmail.com,firefighter
104,Sheree,Gregrory,Sheree.Gregrory@yopmail.com,Sheree.Gregrory@gmail.com,firefighter
105,Dari,Francyne,Dari.Francyne@yopmail.com,Dari.Francyne@gmail.com,firefighter
106,Constance,Raul,Constance.Raul@yopmail.com,Constance.Raul@gmail.com,developer
107,Sean,Lucienne,Sean.Lucienne@yopmail.com,Sean.Lucienne@gmail.com,doctor
108,Gusella,Carey,Gusella.Carey@yopmail.com,Gusella.Carey@gmail.com,firefighter
109,Violet,Wiener,Violet.Wiener@yopmail.com,Violet.Wiener@gmail.com,doctor
110,Sam,Smitt,Sam.Smitt@yopmail.com,Sam.Smitt@gmail.com,doctor
111,Jolyn,Dreda,Jolyn.Dreda@yopmail.com,Jolyn.Dreda@gmail.com,police officer
112,Jere,Autrey,Jere.Autrey@yopmail.com,Jere.Autrey@gmail.com,firefighter
113,Jennica,Maribeth,Jennica.Maribeth@yopmail.com,Jennica.Maribeth@gmail.com,developer
114,Starla,Brodench,Starla.Brodench@yopmail.com,Starla.Brodench@gmail.com,doctor
115,Molli,Sophronia,Molli.Sophronia@yopmail.com,Molli.Sophronia@gmail.com,firefighter
116,Kristan,Ellord,Kristan.Ellord@yopmail.com,Kristan.Ellord@gmail.com,police officer
117,Janis,Malvino,Janis.Malvino@yopmail.com,Janis.Malvino@gmail.com,worker
118,Ashlee,Daveta,Ashlee.Daveta@yopmail.com,Ashlee.Daveta@gmail.com,doctor
119,Karlee,Johanna,Karlee.Johanna@yopmail.com,Karlee.Johanna@gmail.com,doctor
120,Cissiee,Stover,Cissiee.Stover@yopmail.com,Cissiee.Stover@gmail.com,firefighter
121,Doro,Center,Doro.Center@yopmail.com,Doro.Center@gmail.com,doctor
122,Philis,Reneta,Philis.Reneta@yopmail.com,Philis.Reneta@gmail.com,firefighter
123,Susan,Magnolia,Susan.Magnolia@yopmail.com,Susan.Magnolia@gmail.com,firefighter
124,Aryn,Evangelia,Aryn.Evangelia@yopmail.com,Aryn.Evangelia@gmail.com,developer
125,Gretal,Beebe,Gretal.Beebe@yopmail.com,Gretal.Beebe@gmail.com,developer
126,Heida,Even,Heida.Even@yopmail.com,Heida.Even@gmail.com,developer
127,Raquela,Gerge,Raquela.Gerge@yopmail.com,Raquela.Gerge@gmail.com,firefighter
128,Teddie,Margarete,Teddie.Margarete@yopmail.com,Teddie.Margarete@gmail.com,firefighter
129,Johna,Ashok,Johna.Ashok@yopmail.com,Johna.Ashok@gmail.com,firefighter
130,Moyna,Rocray,Moyna.Rocray@yopmail.com,Moyna.Rocray@gmail.com,police officer
131,Nicoli,Anis,Nicoli.Anis@yopmail.com,Nicoli.Anis@gmail.com,police officer
132,Beatriz,Zina,Beatriz.Zina@yopmail.com,Beatriz.Zina@gmail.com,police officer
133,Rosaline,Grosz,Rosaline.Grosz@yopmail.com,Rosaline.Grosz@gmail.com,developer
134,Starla,Carolin,Starla.Carolin@yopmail.com,Starla.Carolin@gmail.com,firefighter
135,Madalyn,Kenney,Madalyn.Kenney@yopmail.com,Madalyn.Kenney@gmail.com,firefighter
136,Jillayne,Tice,Jillayne.Tice@yopmail.com,Jillayne.Tice@gmail.com,worker
137,Ebonee,Dyche,Ebonee.Dyche@yopmail.com,Ebonee.Dyche@gmail.com,firefighter
138,Barbi,Sandye,Barbi.Sandye@yopmail.com,Barbi.Sandye@gmail.com,developer
139,Lauryn,Halla,Lauryn.Halla@yopmail.com,Lauryn.Halla@gmail.com,doctor
140,Joleen,Kiyoshi,Joleen.Kiyoshi@yopmail.com,Joleen.Kiyoshi@gmail.com,developer
141,Jessy,Colbert,Jessy.Colbert@yopmail.com,Jessy.Colbert@gmail.com,worker
142,Mariele,Ellerey,Mariele.Ellerey@yopmail.com,Mariele.Ellerey@gmail.com,developer
143,Linzy,Garrison,Linzy.Garrison@yopmail.com,Linzy.Garrison@gmail.com,police officer
144,Maisey,Hebner,Maisey.Hebner@yopmail.com,Maisey.Hebner@gmail.com,firefighter
145,Carolina,Gabrielli,Carolina.Gabrielli@yopmail.com,Carolina.Gabrielli@gmail.com,developer
146,Ariela,Chesna,Ariela.Chesna@yopmail.com,Ariela.Chesna@gmail.com,doctor
147,Maisey,Etom,Maisey.Etom@yopmail.com,Maisey.Etom@gmail.com,firefighter
148,Queenie,Margarete,Queenie.Margarete@yopmail.com,Queenie.Margarete@gmail.com,developer
149,Shandie,Billye,Shandie.Billye@yopmail.com,Shandie.Billye@gmail.com,worker
150,Tami,Ingra,Tami.Ingra@yopmail.com,Tami.Ingra@gmail.com,worker
151,Madeleine,Alva,Madeleine.Alva@yopmail.com,Madeleine.Alva@gmail.com,worker
152,Helsa,Hoban,Helsa.Hoban@yopmail.com,Helsa.Hoban@gmail.com,developer
153,Dennie,Berl,Dennie.Berl@yopmail.com,Dennie.Berl@gmail.com,developer
154,Dyann,Fosque,Dyann.Fosque@yopmail.com,Dyann.Fosque@gmail.com,doctor
155,Amara,Sperling,Amara.Sperling@yopmail.com,Amara.Sperling@gmail.com,police officer
156,Glenda,Bibi,Glenda.Bibi@yopmail.com,Glenda.Bibi@gmail.com,developer
157,Rosabelle,Philipp,Rosabelle.Philipp@yopmail.com,Rosabelle.Philipp@gmail.com,firefighter
158,Jennica,Justinn,Jennica.Justinn@yopmail.com,Jennica.Justinn@gmail.com,police officer
159,Gilda,Tound,Gilda.Tound@yopmail.com,Gilda.Tound@gmail.com,police officer
160,Ursulina,Ader,Ursulina.Ader@yopmail.com,Ursulina.Ader@gmail.com,police officer
161,Beatriz,Poppy,Beatriz.Poppy@yopmail.com,Beatriz.Poppy@gmail.com,doctor
162,Fina,Bluh,Fina.Bluh@yopmail.com,Fina.Bluh@gmail.com,worker
163,Ilse,Rillings,Ilse.Rillings@yopmail.com,Ilse.Rillings@gmail.com,firefighter
164,Pearline,Tjon,Pearline.Tjon@yopmail.com,Pearline.Tjon@gmail.com,firefighter
165,Rani,Anton,Rani.Anton@yopmail.com,Rani.Anton@gmail.com,doctor
166,Amelia,Burkle,Amelia.Burkle@yopmail.com,Amelia.Burkle@gmail.com,doctor
167,Nelle,Candy,Nelle.Candy@yopmail.com,Nelle.Candy@gmail.com,worker
168,Mamie,Sophronia,Mamie.Sophronia@yopmail.com,Mamie.Sophronia@gmail.com,doctor
169,Lorne,Tyson,Lorne.Tyson@yopmail.com,Lorne.Tyson@gmail.com,firefighter
170,Ann-Marie,Suzetta,Ann-Marie.Suzetta@yopmail.com,Ann-Marie.Suzetta@gmail.com,police officer
171,Lisette,Kare,Lisette.Kare@yopmail.com,Lisette.Kare@gmail.com,police officer
172,Ricky,Berriman,Ricky.Berriman@yopmail.com,Ricky.Berriman@gmail.com,police officer
173,Olwen,Lea,Olwen.Lea@yopmail.com,Olwen.Lea@gmail.com,doctor
174,Jinny,Emmy,Jinny.Emmy@yopmail.com,Jinny.Emmy@gmail.com,firefighter
175,Jan,Susannah,Jan.Susannah@yopmail.com,Jan.Susannah@gmail.com,firefighter
176,Miquela,Hubert,Miquela.Hubert@yopmail.com,Miquela.Hubert@gmail.com,worker
177,Karlee,Girardo,Karlee.Girardo@yopmail.com,Karlee.Girardo@gmail.com,developer
178,Merle,Gladstone,Merle.Gladstone@yopmail.com,Merle.Gladstone@gmail.com,worker
179,Lorne,Prober,Lorne.Prober@yopmail.com,Lorne.Prober@gmail.com,developer
180,Danny,Deny,Danny.Deny@yopmail.com,Danny.Deny@gmail.com,worker
181,Kaja,Darrell,Kaja.Darrell@yopmail.com,Kaja.Darrell@gmail.com,police officer
182,Pollyanna,Sikorski,Pollyanna.Sikorski@yopmail.com,Pollyanna.Sikorski@gmail.com,police officer
183,Danny,Yam,Danny.Yam@yopmail.com,Danny.Yam@gmail.com,developer
184,Angela,Kimmie,Angela.Kimmie@yopmail.com,Angela.Kimmie@gmail.com,firefighter
185,Natka,Flyn,Natka.Flyn@yopmail.com,Natka.Flyn@gmail.com,worker
186,Vivia,Kunin,Vivia.Kunin@yopmail.com,Vivia.Kunin@gmail.com,developer
187,Valli,Olympium,Valli.Olympium@yopmail.com,Valli.Olympium@gmail.com,doctor
188,Roz,Thema,Roz.Thema@yopmail.com,Roz.Thema@gmail.com,doctor
189,Kassey,Carbo,Kassey.Carbo@yopmail.com,Kassey.Carbo@gmail.com,developer
190,Mallory,Joachim,Mallory.Joachim@yopmail.com,Mallory.Joachim@gmail.com,developer
191,Binny,Vary,Binny.Vary@yopmail.com,Binny.Vary@gmail.com,worker
192,Gavrielle,Eben,Gavrielle.Eben@yopmail.com,Gavrielle.Eben@gmail.com,firefighter
193,Margalo,Oster,Margalo.Oster@yopmail.com,Margalo.Oster@gmail.com,developer
194,Madeleine,Percy,Madeleine.Percy@yopmail.com,Madeleine.Percy@gmail.com,police officer
195,Janeczka,Forrer,Janeczka.Forrer@yopmail.com,Janeczka.Forrer@gmail.com,police officer
196,Gerianna,Adrienne,Gerianna.Adrienne@yopmail.com,Gerianna.Adrienne@gmail.com,doctor
197,Miquela,Orelee,Miquela.Orelee@yopmail.com,Miquela.Orelee@gmail.com,police officer
198,Agnese,Trinetta,Agnese.Trinetta@yopmail.com,Agnese.Trinetta@gmail.com,worker
199,Gisela,Francene,Gisela.Francene@yopmail.com,Gisela.Francene@gmail.com,doctor
200,Libbie,Land,Libbie.Land@yopmail.com,Libbie.Land@gmail.com,firefighter
201,Maurene,Robertson,Maurene.Robertson@yopmail.com,Maurene.Robertson@gmail.com,police officer
202,Natka,Beniamino,Natka.Beniamino@yopmail.com,Natka.Beniamino@gmail.com,developer
203,Cacilie,Quinn,Cacilie.Quinn@yopmail.com,Cacilie.Quinn@gmail.com,worker
204,Jackie,Roarke,Jackie.Roarke@yopmail.com,Jackie.Roarke@gmail.com,doctor
205,Abbie,Modie,Abbie.Modie@yopmail.com,Abbie.Modie@gmail.com,developer
206,Brynna,Daniele,Brynna.Daniele@yopmail.com,Brynna.Daniele@gmail.com,doctor
207,Shel,Dearborn,Shel.Dearborn@yopmail.com,Shel.Dearborn@gmail.com,firefighter
208,Belinda,Loleta,Belinda.Loleta@yopmail.com,Belinda.Loleta@gmail.com,police officer
209,Harrietta,Campball,Harrietta.Campball@yopmail.com,Harrietta.Campball@gmail.com,developer
210,Berget,Vins,Berget.Vins@yopmail.com,Berget.Vins@gmail.com,developer
211,Dominga,Ashok,Dominga.Ashok@yopmail.com,Dominga.Ashok@gmail.com,police officer
212,Lyssa,Wesle,Lyssa.Wesle@yopmail.com,Lyssa.Wesle@gmail.com,firefighter
213,Nanete,Couture,Nanete.Couture@yopmail.com,Nanete.Couture@gmail.com,developer
214,Neila,Nadia,Neila.Nadia@yopmail.com,Neila.Nadia@gmail.com,developer
215,Claresta,Charity,Claresta.Charity@yopmail.com,Claresta.Charity@gmail.com,worker
216,Roslyn,Esmaria,Roslyn.Esmaria@yopmail.com,Roslyn.Esmaria@gmail.com,worker
217,Chastity,Allina,Chastity.Allina@yopmail.com,Chastity.Allina@gmail.com,worker
218,Tarra,Matthew,Tarra.Matthew@yopmail.com,Tarra.Matthew@gmail.com,worker
219,Eolanda,Nore,Eolanda.Nore@yopmail.com,Eolanda.Nore@gmail.com,firefighter
220,Margarette,Old,Margarette.Old@yopmail.com,Margarette.Old@gmail.com,firefighter
221,Etta,Chick,Etta.Chick@yopmail.com,Etta.Chick@gmail.com,doctor
222,Kaja,Isidore,Kaja.Isidore@yopmail.com,Kaja.Isidore@gmail.com,doctor
223,Mildrid,Joeann,Mildrid.Joeann@yopmail.com,Mildrid.Joeann@gmail.com,firefighter
224,Celisse,Kevon,Celisse.Kevon@yopmail.com,Celisse.Kevon@gmail.com,developer
225,Anestassia,Callista,Anestassia.Callista@yopmail.com,Anestassia.Callista@gmail.com,developer
226,Wileen,Jehu,Wileen.Jehu@yopmail.com,Wileen.Jehu@gmail.com,worker
227,Maye,Kenwood,Maye.Kenwood@yopmail.com,Maye.Kenwood@gmail.com,developer
228,Zondra,Ortrude,Zondra.Ortrude@yopmail.com,Zondra.Ortrude@gmail.com,police officer
229,Ileana,Ardra,Ileana.Ardra@yopmail.com,Ileana.Ardra@gmail.com,firefighter
230,Vere,Ledah,Vere.Ledah@yopmail.com,Vere.Ledah@gmail.com,developer
231,Aurelie,Wildermuth,Aurelie.Wildermuth@yopmail.com,Aurelie.Wildermuth@gmail.com,worker
232,Marylou,Noam,Marylou.Noam@yopmail.com,Marylou.Noam@gmail.com,worker
233,Ariela,Swanhildas,Ariela.Swanhildas@yopmail.com,Ariela.Swanhildas@gmail.com,worker
234,Romona,Adalbert,Romona.Adalbert@yopmail.com,Romona.Adalbert@gmail.com,doctor
235,Yolane,Mike,Yolane.Mike@yopmail.com,Yolane.Mike@gmail.com,police officer
236,Merrie,Jacinda,Merrie.Jacinda@yopmail.com,Merrie.Jacinda@gmail.com,doctor
237,Dolli,Marisa,Dolli.Marisa@yopmail.com,Dolli.Marisa@gmail.com,doctor
238,Cindelyn,Damarra,Cindelyn.Damarra@yopmail.com,Cindelyn.Damarra@gmail.com,worker
239,Heida,Alfons,Heida.Alfons@yopmail.com,Heida.Alfons@gmail.com,worker
240,Katuscha,Han,Katuscha.Han@yopmail.com,Katuscha.Han@gmail.com,worker
241,Wanda,Durware,Wanda.Durware@yopmail.com,Wanda.Durware@gmail.com,developer
242,Hermione,Hewitt,Hermione.Hewitt@yopmail.com,Hermione.Hewitt@gmail.com,police officer
243,Winifred,Gilbertson,Winifred.Gilbertson@yopmail.com,Winifred.Gilbertson@gmail.com,doctor
244,Gabriellia,Obed,Gabriellia.Obed@yopmail.com,Gabriellia.Obed@gmail.com,firefighter
245,Louella,Jena,Louella.Jena@yopmail.com,Louella.Jena@gmail.com,developer
246,Libbie,Gaynor,Libbie.Gaynor@yopmail.com,Libbie.Gaynor@gmail.com,worker
247,Felice,Naashom,Felice.Naashom@yopmail.com,Felice.Naashom@gmail.com,doctor
248,Emylee,Publia,Emylee.Publia@yopmail.com,Emylee.Publia@gmail.com,firefighter
249,Feliza,Mandler,Feliza.Mandler@yopmail.com,Feliza.Mandler@gmail.com,worker
250,Courtnay,Gualtiero,Courtnay.Gualtiero@yopmail.com,Courtnay.Gualtiero@gmail.com,doctor
251,Peri,Harriman,Peri.Harriman@yopmail.com,Peri.Harriman@gmail.com,doctor
252,Glenda,Behre,Glenda.Behre@yopmail.com,Glenda.Behre@gmail.com,worker
253,Mignon,Read,Mignon.Read@yopmail.com,Mignon.Read@gmail.com,doctor
254,Dolli,Cyrie,Dolli.Cyrie@yopmail.com,Dolli.Cyrie@gmail.com,worker
255,Lynea,Latini,Lynea.Latini@yopmail.com,Lynea.Latini@gmail.com,doctor
256,Lauryn,Carlson,Lauryn.Carlson@yopmail.com,Lauryn.Carlson@gmail.com,firefighter
257,Jaclyn,Morgun,Jaclyn.Morgun@yopmail.com,Jaclyn.Morgun@gmail.com,developer
258,Merle,Jacinda,Merle.Jacinda@yopmail.com,Merle.Jacinda@gmail.com,police officer
259,Marjie,Granoff,Marjie.Granoff@yopmail.com,Marjie.Granoff@gmail.com,doctor
260,Orsola,Fitzsimmons,Orsola.Fitzsimmons@yopmail.com,Orsola.Fitzsimmons@gmail.com,developer
261,Anestassia,Jena,Anestassia.Jena@yopmail.com,Anestassia.Jena@gmail.com,police officer
262,Karina,Rhu,Karina.Rhu@yopmail.com,Karina.Rhu@gmail.com,firefighter
263,Katleen,Gerge,Katleen.Gerge@yopmail.com,Katleen.Gerge@gmail.com,doctor
264,Nerta,Toni,Nerta.Toni@yopmail.com,Nerta.Toni@gmail.com,developer
265,Kenna,Gwenore,Kenna.Gwenore@yopmail.com,Kenna.Gwenore@gmail.com,doctor
266,Chandra,Meter,Chandra.Meter@yopmail.com,Chandra.Meter@gmail.com,worker
267,Marcelline,Lea,Marcelline.Lea@yopmail.com,Marcelline.Lea@gmail.com,developer
268,Ronna,McClimans,Ronna.McClimans@yopmail.com,Ronna.McClimans@gmail.com,developer
269,Robinia,Neils,Robinia.Neils@yopmail.com,Robinia.Neils@gmail.com,developer
270,Raf,Kelula,Raf.Kelula@yopmail.com,Raf.Kelula@gmail.com,worker
271,Tomasina,Brandice,Tomasina.Brandice@yopmail.com,Tomasina.Brandice@gmail.com,developer
272,Catrina,Noam,Catrina.Noam@yopmail.com,Catrina.Noam@gmail.com,police officer
273,Meriel,Wiener,Meriel.Wiener@yopmail.com,Meriel.Wiener@gmail.com,worker
274,Mellicent,Othilia,Mellicent.Othilia@yopmail.com,Mellicent.Othilia@gmail.com,doctor
275,Lelah,Natica,Lelah.Natica@yopmail.com,Lelah.Natica@gmail.com,doctor
276,Luci,Uird,Luci.Uird@yopmail.com,Luci.Uird@gmail.com,firefighter
277,June,Raama,June.Raama@yopmail.com,June.Raama@gmail.com,police officer
278,Gui,Howlyn,Gui.Howlyn@yopmail.com,Gui.Howlyn@gmail.com,firefighter
279,Bernie,Belldas,Bernie.Belldas@yopmail.com,Bernie.Belldas@gmail.com,police officer
280,Hollie,Lory,Hollie.Lory@yopmail.com,Hollie.Lory@gmail.com,worker
281,Molli,Malanie,Molli.Malanie@yopmail.com,Molli.Malanie@gmail.com,worker
282,Lisette,Tengdin,Lisette.Tengdin@yopmail.com,Lisette.Tengdin@gmail.com,doctor
283,Cacilie,Alwin,Cacilie.Alwin@yopmail.com,Cacilie.Alwin@gmail.com,worker
284,Ketti,Wind,Ketti.Wind@yopmail.com,Ketti.Wind@gmail.com,worker
285,Thalia,Regan,Thalia.Regan@yopmail.com,Thalia.Regan@gmail.com,developer
286,Mady,Delila,Mady.Delila@yopmail.com,Mady.Delila@gmail.com,developer
287,Harmonia,Cottle,Harmonia.Cottle@yopmail.com,Harmonia.Cottle@gmail.com,developer
288,Joceline,Demitria,Joceline.Demitria@yopmail.com,Joceline.Demitria@gmail.com,developer
289,Sibella,Gert,Sibella.Gert@yopmail.com,Sibella.Gert@gmail.com,worker
290,Sara-Ann,Gilmour,Sara-Ann.Gilmour@yopmail.com,Sara-Ann.Gilmour@gmail.com,developer
291,Minne,Dowski,Minne.Dowski@yopmail.com,Minne.Dowski@gmail.com,firefighter
292,Lelah,Ariella,Lelah.Ariella@yopmail.com,Lelah.Ariella@gmail.com,doctor
293,Fanchon,Rossner,Fanchon.Rossner@yopmail.com,Fanchon.Rossner@gmail.com,police officer
294,Ellette,Manolo,Ellette.Manolo@yopmail.com,Ellette.Manolo@gmail.com,doctor
295,Fanchon,Cath,Fanchon.Cath@yopmail.com,Fanchon.Cath@gmail.com,worker
296,Danika,Heidt,Danika.Heidt@yopmail.com,Danika.Heidt@gmail.com,doctor
297,Gretal,Bobbee,Gretal.Bobbee@yopmail.com,Gretal.Bobbee@gmail.com,firefighter
298,Hayley,Timon,Hayley.Timon@yopmail.com,Hayley.Timon@gmail.com,developer
299,Yvonne,Brunell,Yvonne.Brunell@yopmail.com,Yvonne.Brunell@gmail.com,worker
300,Krystle,Ambrosia,Krystle.Ambrosia@yopmail.com,Krystle.Ambrosia@gmail.com,doctor
301,Vinita,Shanley,Vinita.Shanley@yopmail.com,Vinita.Shanley@gmail.com,police officer
302,Myriam,Camden,Myriam.Camden@yopmail.com,Myriam.Camden@gmail.com,firefighter
303,Drucie,Pettiford,Drucie.Pettiford@yopmail.com,Drucie.Pettiford@gmail.com,doctor
304,Micheline,Loeb,Micheline.Loeb@yopmail.com,Micheline.Loeb@gmail.com,worker
305,Carilyn,Winnick,Carilyn.Winnick@yopmail.com,Carilyn.Winnick@gmail.com,developer
306,Jennica,Alejoa,Jennica.Alejoa@yopmail.com,Jennica.Alejoa@gmail.com,doctor
307,Daryl,Robertson,Daryl.Robertson@yopmail.com,Daryl.Robertson@gmail.com,worker
308,Lorenza,Dominy,Lorenza.Dominy@yopmail.com,Lorenza.Dominy@gmail.com,worker
309,Alex,Baudin,Alex.Baudin@yopmail.com,Alex.Baudin@gmail.com,police officer
310,Hope,Brotherson,Hope.Brotherson@yopmail.com,Hope.Brotherson@gmail.com,developer
311,Darlleen,Jena,Darlleen.Jena@yopmail.com,Darlleen.Jena@gmail.com,police officer
312,Angelique,Cecile,Angelique.Cecile@yopmail.com,Angelique.Cecile@gmail.com,firefighter
313,Regina,Kress,Regina.Kress@yopmail.com,Regina.Kress@gmail.com,firefighter
314,Wanda,Joachim,Wanda.Joachim@yopmail.com,Wanda.Joachim@gmail.com,police officer
315,Zaria,Modie,Zaria.Modie@yopmail.com,Zaria.Modie@gmail.com,firefighter
316,Candi,Milde,Candi.Milde@yopmail.com,Candi.Milde@gmail.com,doctor
317,Blake,Roxanna,Blake.Roxanna@yopmail.com,Blake.Roxanna@gmail.com,firefighter
318,Malina,Medrek,Malina.Medrek@yopmail.com,Malina.Medrek@gmail.com,doctor
319,Demetris,Argus,Demetris.Argus@yopmail.com,Demetris.Argus@gmail.com,firefighter
320,Annora,Riva,Annora.Riva@yopmail.com,Annora.Riva@gmail.com,doctor
321,Dotty,Whiffen,Dotty.Whiffen@yopmail.com,Dotty.Whiffen@gmail.com,developer
322,Janeczka,Norvol,Janeczka.Norvol@yopmail.com,Janeczka.Norvol@gmail.com,firefighter
323,Elka,Rooney,Elka.Rooney@yopmail.com,Elka.Rooney@gmail.com,firefighter
324,Dominga,Gilbertson,Dominga.Gilbertson@yopmail.com,Dominga.Gilbertson@gmail.com,developer
325,Jenda,Bethany,Jenda.Bethany@yopmail.com,Jenda.Bethany@gmail.com,doctor
326,Augustine,Cristi,Augustine.Cristi@yopmail.com,Augustine.Cristi@gmail.com,firefighter
327,Camile,Smitt,Camile.Smitt@yopmail.com,Camile.Smitt@gmail.com,police officer
328,Babita,Even,Babita.Even@yopmail.com,Babita.Even@gmail.com,worker
329,Alia,Lenny,Alia.Lenny@yopmail.com,Alia.Lenny@gmail.com,developer
330,Bobinette,Vorster,Bobinette.Vorster@yopmail.com,Bobinette.Vorster@gmail.com,police officer
331,Bee,Vivle,Bee.Vivle@yopmail.com,Bee.Vivle@gmail.com,police officer
332,Tina,Honoria,Tina.Honoria@yopmail.com,Tina.Honoria@gmail.com,police officer
333,Renae,Azeria,Renae.Azeria@yopmail.com,Renae.Azeria@gmail.com,firefighter
334,Tani,Decato,Tani.Decato@yopmail.com,Tani.Decato@gmail.com,firefighter
335,Tiffie,Colp,Tiffie.Colp@yopmail.com,Tiffie.Colp@gmail.com,firefighter
336,Clo,Macey,Clo.Macey@yopmail.com,Clo.Macey@gmail.com,police officer
337,Starla,Hebner,Starla.Hebner@yopmail.com,Starla.Hebner@gmail.com,developer
338,Genovera,Sancho,Genovera.Sancho@yopmail.com,Genovera.Sancho@gmail.com,worker
339,Layla,Heidt,Layla.Heidt@yopmail.com,Layla.Heidt@gmail.com,doctor
340,Adele,Abbot,Adele.Abbot@yopmail.com,Adele.Abbot@gmail.com,developer
341,Frieda,Couture,Frieda.Couture@yopmail.com,Frieda.Couture@gmail.com,developer
342,Dagmar,Jerold,Dagmar.Jerold@yopmail.com,Dagmar.Jerold@gmail.com,police officer
343,Debee,Desai,Debee.Desai@yopmail.com,Debee.Desai@gmail.com,firefighter
344,Nananne,Imelida,Nananne.Imelida@yopmail.com,Nananne.Imelida@gmail.com,firefighter
345,Bernie,Margret,Bernie.Margret@yopmail.com,Bernie.Margret@gmail.com,developer
346,Marline,Bigner,Marline.Bigner@yopmail.com,Marline.Bigner@gmail.com,firefighter
347,Wilma,Gordon,Wilma.Gordon@yopmail.com,Wilma.Gordon@gmail.com,developer
348,Ada,Brotherson,Ada.Brotherson@yopmail.com,Ada.Brotherson@gmail.com,developer
349,Dennie,Sundin,Dennie.Sundin@yopmail.com,Dennie.Sundin@gmail.com,firefighter
350,Sabina,Jarib,Sabina.Jarib@yopmail.com,Sabina.Jarib@gmail.com,worker
351,Ardenia,Adore,Ardenia.Adore@yopmail.com,Ardenia.Adore@gmail.com,police officer
352,Clary,Myrilla,Clary.Myrilla@yopmail.com,Clary.Myrilla@gmail.com,doctor
353,Emma,Niccolo,Emma.Niccolo@yopmail.com,Emma.Niccolo@gmail.com,firefighter
354,Clary,Avi,Clary.Avi@yopmail.com,Clary.Avi@gmail.com,police officer
355,Jany,Harriman,Jany.Harriman@yopmail.com,Jany.Harriman@gmail.com,developer
356,Merci,Whiffen,Merci.Whiffen@yopmail.com,Merci.Whiffen@gmail.com,doctor
357,Lita,Colp,Lita.Colp@yopmail.com,Lita.Colp@gmail.com,police officer
358,Emelina,Lenny,Emelina.Lenny@yopmail.com,Emelina.Lenny@gmail.com,firefighter
359,Imojean,Anis,Imojean.Anis@yopmail.com,Imojean.Anis@gmail.com,firefighter
360,Elise,Donell,Elise.Donell@yopmail.com,Elise.Donell@gmail.com,police officer
361,Rosene,Kristi,Rosene.Kristi@yopmail.com,Rosene.Kristi@gmail.com,firefighter
362,Karina,Rosette,Karina.Rosette@yopmail.com,Karina.Rosette@gmail.com,police officer
363,Xylina,Jammal,Xylina.Jammal@yopmail.com,Xylina.Jammal@gmail.com,firefighter
364,Aryn,Gilmour,Aryn.Gilmour@yopmail.com,Aryn.Gilmour@gmail.com,police officer
365,Ellette,O'Neill,Ellette.O'Neill@yopmail.com,Ellette.O'Neill@gmail.com,firefighter
366,Gaylene,Stoller,Gaylene.Stoller@yopmail.com,Gaylene.Stoller@gmail.com,firefighter
367,Esmeralda,Madox,Esmeralda.Madox@yopmail.com,Esmeralda.Madox@gmail.com,doctor
368,Kalina,Clara,Kalina.Clara@yopmail.com,Kalina.Clara@gmail.com,doctor
369,Ronna,Hoban,Ronna.Hoban@yopmail.com,Ronna.Hoban@gmail.com,worker
370,Ricky,Ilka,Ricky.Ilka@yopmail.com,Ricky.Ilka@gmail.com,doctor
371,Merrie,Tjon,Merrie.Tjon@yopmail.com,Merrie.Tjon@gmail.com,police officer
372,Fanny,Schlosser,Fanny.Schlosser@yopmail.com,Fanny.Schlosser@gmail.com,police officer
373,Brianna,Hurley,Brianna.Hurley@yopmail.com,Brianna.Hurley@gmail.com,doctor
374,Edyth,Gilbertson,Edyth.Gilbertson@yopmail.com,Edyth.Gilbertson@gmail.com,developer
375,Renie,Harl,Renie.Harl@yopmail.com,Renie.Harl@gmail.com,doctor
376,Kerrin,Pond,Kerrin.Pond@yopmail.com,Kerrin.Pond@gmail.com,firefighter
377,Emelina,Armanda,Emelina.Armanda@yopmail.com,Emelina.Armanda@gmail.com,developer
378,Consuela,Iphlgenia,Consuela.Iphlgenia@yopmail.com,Consuela.Iphlgenia@gmail.com,police officer
379,Nadine,Connelly,Nadine.Connelly@yopmail.com,Nadine.Connelly@gmail.com,firefighter
380,Frances,Fax,Frances.Fax@yopmail.com,Frances.Fax@gmail.com,firefighter
381,Blinni,Ellord,Blinni.Ellord@yopmail.com,Blinni.Ellord@gmail.com,doctor
382,Vinita,Cimbura,Vinita.Cimbura@yopmail.com,Vinita.Cimbura@gmail.com,doctor
383,Violet,Emerson,Violet.Emerson@yopmail.com,Violet.Emerson@gmail.com,police officer
384,Beatriz,Hutchison,Beatriz.Hutchison@yopmail.com,Beatriz.Hutchison@gmail.com,doctor
385,Melina,Melan,Melina.Melan@yopmail.com,Melina.Melan@gmail.com,firefighter
386,Anica,Paton,Anica.Paton@yopmail.com,Anica.Paton@gmail.com,doctor
387,Corina,Haldas,Corina.Haldas@yopmail.com,Corina.Haldas@gmail.com,firefighter
388,Yetty,Kolnick,Yetty.Kolnick@yopmail.com,Yetty.Kolnick@gmail.com,police officer
389,Katleen,Romelda,Katleen.Romelda@yopmail.com,Katleen.Romelda@gmail.com,worker
390,Catharine,Amasa,Catharine.Amasa@yopmail.com,Catharine.Amasa@gmail.com,developer
391,Lonnie,Zitvaa,Lonnie.Zitvaa@yopmail.com,Lonnie.Zitvaa@gmail.com,police officer
392,Susette,Rheingold,Susette.Rheingold@yopmail.com,Susette.Rheingold@gmail.com,developer
393,Candy,Harl,Candy.Harl@yopmail.com,Candy.Harl@gmail.com,firefighter
394,Olwen,Bach,Olwen.Bach@yopmail.com,Olwen.Bach@gmail.com,worker
395,Carmencita,Kathie,Carmencita.Kathie@yopmail.com,Carmencita.Kathie@gmail.com,police officer
396,Orelia,Rugen,Orelia.Rugen@yopmail.com,Orelia.Rugen@gmail.com,worker
397,Isa,Truc,Isa.Truc@yopmail.com,Isa.Truc@gmail.com,doctor
398,Elyssa,Laverne,Elyssa.Laverne@yopmail.com,Elyssa.Laverne@gmail.com,firefighter
399,Danika,Sinegold,Danika.Sinegold@yopmail.com,Danika.Sinegold@gmail.com,doctor
400,Cecile,Mandler,Cecile.Mandler@yopmail.com,Cecile.Mandler@gmail.com,firefighter
401,Dorothy,Bultman,Dorothy.Bultman@yopmail.com,Dorothy.Bultman@gmail.com,police officer
402,Eadie,Kendrick,Eadie.Kendrick@yopmail.com,Eadie.Kendrick@gmail.com,developer
403,Katuscha,Johnsson,Katuscha.Johnsson@yopmail.com,Katuscha.Johnsson@gmail.com,police officer
404,Jemie,Bari,Jemie.Bari@yopmail.com,Jemie.Bari@gmail.com,firefighter
405,Rhoda,Stacy,Rhoda.Stacy@yopmail.com,Rhoda.Stacy@gmail.com,worker
406,Elyssa,Colleen,Elyssa.Colleen@yopmail.com,Elyssa.Colleen@gmail.com,developer
407,Gratia,Jeanne,Gratia.Jeanne@yopmail.com,Gratia.Jeanne@gmail.com,worker
408,Mariele,Raseda,Mariele.Raseda@yopmail.com,Mariele.Raseda@gmail.com,doctor
409,Morganica,Means,Morganica.Means@yopmail.com,Morganica.Means@gmail.com,developer
410,Brana,Grimbly,Brana.Grimbly@yopmail.com,Brana.Grimbly@gmail.com,firefighter
411,Jan,Vary,Jan.Vary@yopmail.com,Jan.Vary@gmail.com,worker
412,Laurene,Terencio,Laurene.Terencio@yopmail.com,Laurene.Terencio@gmail.com,doctor
413,Aurelie,Jotham,Aurelie.Jotham@yopmail.com,Aurelie.Jotham@gmail.com,firefighter
414,Annecorinne,Bouchard,Annecorinne.Bouchard@yopmail.com,Annecorinne.Bouchard@gmail.com,firefighter
415,Andree,Munn,Andree.Munn@yopmail.com,Andree.Munn@gmail.com,developer
416,Albertina,Stefa,Albertina.Stefa@yopmail.com,Albertina.Stefa@gmail.com,worker
417,Selia,Ramona,Selia.Ramona@yopmail.com,Selia.Ramona@gmail.com,worker
418,Jenilee,Giule,Jenilee.Giule@yopmail.com,Jenilee.Giule@gmail.com,firefighter
419,Evita,Erich,Evita.Erich@yopmail.com,Evita.Erich@gmail.com,police officer
420,Ninnetta,Peg,Ninnetta.Peg@yopmail.com,Ninnetta.Peg@gmail.com,police officer
421,Steffane,Lanita,Steffane.Lanita@yopmail.com,Steffane.Lanita@gmail.com,police officer
422,Selma,Fink,Selma.Fink@yopmail.com,Selma.Fink@gmail.com,developer
423,Annabela,Carolin,Annabela.Carolin@yopmail.com,Annabela.Carolin@gmail.com,police officer
424,Randa,Whittaker,Randa.Whittaker@yopmail.com,Randa.Whittaker@gmail.com,doctor
425,Harmonia,Sacken,Harmonia.Sacken@yopmail.com,Harmonia.Sacken@gmail.com,firefighter
426,Justinn,Love,Justinn.Love@yopmail.com,Justinn.Love@gmail.com,police officer
427,Aili,Velick,Aili.Velick@yopmail.com,Aili.Velick@gmail.com,police officer
428,Danika,Atcliffe,Danika.Atcliffe@yopmail.com,Danika.Atcliffe@gmail.com,firefighter
429,Kary,Giff,Kary.Giff@yopmail.com,Kary.Giff@gmail.com,developer
430,Emilia,Shirberg,Emilia.Shirberg@yopmail.com,Emilia.Shirberg@gmail.com,police officer
431,Raina,Silvan,Raina.Silvan@yopmail.com,Raina.Silvan@gmail.com,developer
432,Elbertina,Tryck,Elbertina.Tryck@yopmail.com,Elbertina.Tryck@gmail.com,police officer
433,Hallie,Garrison,Hallie.Garrison@yopmail.com,Hallie.Garrison@gmail.com,worker
434,Heddie,Kirstin,Heddie.Kirstin@yopmail.com,Heddie.Kirstin@gmail.com,firefighter
435,Ingrid,Chinua,Ingrid.Chinua@yopmail.com,Ingrid.Chinua@gmail.com,police officer
436,Yolane,Lane,Yolane.Lane@yopmail.com,Yolane.Lane@gmail.com,worker
437,Alleen,Harl,Alleen.Harl@yopmail.com,Alleen.Harl@gmail.com,worker
438,Renie,Leffen,Renie.Leffen@yopmail.com,Renie.Leffen@gmail.com,police officer
439,Viki,Vale,Viki.Vale@yopmail.com,Viki.Vale@gmail.com,firefighter
440,Kimmy,Sharl,Kimmy.Sharl@yopmail.com,Kimmy.Sharl@gmail.com,police officer
441,Carolina,Ovid,Carolina.Ovid@yopmail.com,Carolina.Ovid@gmail.com,doctor
442,Kial,Kosey,Kial.Kosey@yopmail.com,Kial.Kosey@gmail.com,worker
443,Lory,Gibbeon,Lory.Gibbeon@yopmail.com,Lory.Gibbeon@gmail.com,worker
444,Cassandra,Therine,Cassandra.Therine@yopmail.com,Cassandra.Therine@gmail.com,firefighter
445,Dyann,Michella,Dyann.Michella@yopmail.com,Dyann.Michella@gmail.com,doctor
446,Gianina,Calhoun,Gianina.Calhoun@yopmail.com,Gianina.Calhoun@gmail.com,developer
447,Siana,Kimmie,Siana.Kimmie@yopmail.com,Siana.Kimmie@gmail.com,worker
448,Nickie,Uird,Nickie.Uird@yopmail.com,Nickie.Uird@gmail.com,police officer
449,Nikki,Winnick,Nikki.Winnick@yopmail.com,Nikki.Winnick@gmail.com,police officer
450,Rori,Jobi,Rori.Jobi@yopmail.com,Rori.Jobi@gmail.com,police officer
451,Carmencita,Graig,Carmencita.Graig@yopmail.com,Carmencita.Graig@gmail.com,firefighter
452,Ardys,Pearse,Ardys.Pearse@yopmail.com,Ardys.Pearse@gmail.com,firefighter
453,Kaia,Orelee,Kaia.Orelee@yopmail.com,Kaia.Orelee@gmail.com,firefighter
454,Kristan,Emanuel,Kristan.Emanuel@yopmail.com,Kristan.Emanuel@gmail.com,police officer
455,Adele,Dorothy,Adele.Dorothy@yopmail.com,Adele.Dorothy@gmail.com,doctor
456,Marylou,Adalbert,Marylou.Adalbert@yopmail.com,Marylou.Adalbert@gmail.com,doctor
457,Eolanda,Maurine,Eolanda.Maurine@yopmail.com,Eolanda.Maurine@gmail.com,doctor
458,Regina,Clie,Regina.Clie@yopmail.com,Regina.Clie@gmail.com,firefighter
459,Cathie,Sancho,Cathie.Sancho@yopmail.com,Cathie.Sancho@gmail.com,developer
460,Di,Sparhawk,Di.Sparhawk@yopmail.com,Di.Sparhawk@gmail.com,firefighter
461,Tarra,Deny,Tarra.Deny@yopmail.com,Tarra.Deny@gmail.com,doctor
462,Maisey,Yate,Maisey.Yate@yopmail.com,Maisey.Yate@gmail.com,worker
463,Kimberley,Montgomery,Kimberley.Montgomery@yopmail.com,Kimberley.Montgomery@gmail.com,police officer
464,Roxane,Urias,Roxane.Urias@yopmail.com,Roxane.Urias@gmail.com,developer
465,Kristan,Carvey,Kristan.Carvey@yopmail.com,Kristan.Carvey@gmail.com,doctor
466,Mildrid,MacIntosh,Mildrid.MacIntosh@yopmail.com,Mildrid.MacIntosh@gmail.com,firefighter
467,Albertina,Jary,Albertina.Jary@yopmail.com,Albertina.Jary@gmail.com,doctor
468,Romona,Olympium,Romona.Olympium@yopmail.com,Romona.Olympium@gmail.com,developer
469,Averyl,Genna,Averyl.Genna@yopmail.com,Averyl.Genna@gmail.com,developer
470,Lita,Audly,Lita.Audly@yopmail.com,Lita.Audly@gmail.com,doctor
471,Lexine,Bohlin,Lexine.Bohlin@yopmail.com,Lexine.Bohlin@gmail.com,worker
472,Carilyn,Amasa,Carilyn.Amasa@yopmail.com,Carilyn.Amasa@gmail.com,doctor
473,Bettine,Sprage,Bettine.Sprage@yopmail.com,Bettine.Sprage@gmail.com,developer
474,Charissa,Haldas,Charissa.Haldas@yopmail.com,Charissa.Haldas@gmail.com,doctor
475,Katleen,Lemuela,Katleen.Lemuela@yopmail.com,Katleen.Lemuela@gmail.com,doctor
476,Tori,Hylan,Tori.Hylan@yopmail.com,Tori.Hylan@gmail.com,worker
477,Blake,Bennie,Blake.Bennie@yopmail.com,Blake.Bennie@gmail.com,developer
478,Maisey,Marlie,Maisey.Marlie@yopmail.com,Maisey.Marlie@gmail.com,worker
479,Asia,Tarrant,Asia.Tarrant@yopmail.com,Asia.Tarrant@gmail.com,firefighter
480,Vita,Bartlett,Vita.Bartlett@yopmail.com,Vita.Bartlett@gmail.com,doctor
481,Lanna,Gilmour,Lanna.Gilmour@yopmail.com,Lanna.Gilmour@gmail.com,firefighter
482,Daphne,Teddman,Daphne.Teddman@yopmail.com,Daphne.Teddman@gmail.com,doctor
483,Kayla,Lorenz,Kayla.Lorenz@yopmail.com,Kayla.Lorenz@gmail.com,police officer
484,Goldie,Ochs,Goldie.Ochs@yopmail.com,Goldie.Ochs@gmail.com,police officer
485,Andree,Iphlgenia,Andree.Iphlgenia@yopmail.com,Andree.Iphlgenia@gmail.com,firefighter
486,Raina,Berard,Raina.Berard@yopmail.com,Raina.Berard@gmail.com,developer
487,Clementine,Ranjiv,Clementine.Ranjiv@yopmail.com,Clementine.Ranjiv@gmail.com,worker
488,Arlina,Naor,Arlina.Naor@yopmail.com,Arlina.Naor@gmail.com,worker
489,Robinia,Maroney,Robinia.Maroney@yopmail.com,Robinia.Maroney@gmail.com,firefighter
490,Lonnie,Cutlerr,Lonnie.Cutlerr@yopmail.com,Lonnie.Cutlerr@gmail.com,developer
491,Berget,Mayeda,Berget.Mayeda@yopmail.com,Berget.Mayeda@gmail.com,police officer
492,Ilse,Bach,Ilse.Bach@yopmail.com,Ilse.Bach@gmail.com,police officer
493,Deedee,Elvyn,Deedee.Elvyn@yopmail.com,Deedee.Elvyn@gmail.com,developer
494,Shirlee,Hathaway,Shirlee.Hathaway@yopmail.com,Shirlee.Hathaway@gmail.com,worker
495,Linet,Rudolph,Linet.Rudolph@yopmail.com,Linet.Rudolph@gmail.com,developer
496,Karlee,Ade,Karlee.Ade@yopmail.com,Karlee.Ade@gmail.com,police officer
497,Mara,Byrne,Mara.Byrne@yopmail.com,Mara.Byrne@gmail.com,police officer
498,Cristabel,Bibi,Cristabel.Bibi@yopmail.com,Cristabel.Bibi@gmail.com,worker
499,Aaren,Telfer,Aaren.Telfer@yopmail.com,Aaren.Telfer@gmail.com,firefighter
500,Alex,Fry,Alex.Fry@yopmail.com,Alex.Fry@gmail.com,doctor
501,Catharine,Dom,Catharine.Dom@yopmail.com,Catharine.Dom@gmail.com,doctor
502,Henriette,Colyer,Henriette.Colyer@yopmail.com,Henriette.Colyer@gmail.com,worker
503,Kathy,Phi,Kathy.Phi@yopmail.com,Kathy.Phi@gmail.com,worker
504,Albertina,Vittoria,Albertina.Vittoria@yopmail.com,Albertina.Vittoria@gmail.com,doctor
505,Marcelline,Faro,Marcelline.Faro@yopmail.com,Marcelline.Faro@gmail.com,firefighter
506,Lanae,Wittie,Lanae.Wittie@yopmail.com,Lanae.Wittie@gmail.com,developer
507,Giustina,Sidonius,Giustina.Sidonius@yopmail.com,Giustina.Sidonius@gmail.com,doctor
508,Karly,Hanshaw,Karly.Hanshaw@yopmail.com,Karly.Hanshaw@gmail.com,developer
509,Andree,Primalia,Andree.Primalia@yopmail.com,Andree.Primalia@gmail.com,developer
510,Sonni,Cressida,Sonni.Cressida@yopmail.com,Sonni.Cressida@gmail.com,firefighter
511,Ernesta,Claudine,Ernesta.Claudine@yopmail.com,Ernesta.Claudine@gmail.com,doctor
512,Aeriela,Valerio,Aeriela.Valerio@yopmail.com,Aeriela.Valerio@gmail.com,police officer
513,Cacilie,Grayce,Cacilie.Grayce@yopmail.com,Cacilie.Grayce@gmail.com,firefighter
514,Susette,Rolf,Susette.Rolf@yopmail.com,Susette.Rolf@gmail.com,worker
515,Ida,Dimitris,Ida.Dimitris@yopmail.com,Ida.Dimitris@gmail.com,worker
516,Hyacinthe,Bashemeth,Hyacinthe.Bashemeth@yopmail.com,Hyacinthe.Bashemeth@gmail.com,firefighter
517,Kimberley,Othilia,Kimberley.Othilia@yopmail.com,Kimberley.Othilia@gmail.com,firefighter
518,Melanie,Rogerio,Melanie.Rogerio@yopmail.com,Melanie.Rogerio@gmail.com,police officer
519,Netty,Infield,Netty.Infield@yopmail.com,Netty.Infield@gmail.com,worker
520,Odessa,Stilwell,Odessa.Stilwell@yopmail.com,Odessa.Stilwell@gmail.com,doctor
521,Talya,Laverne,Talya.Laverne@yopmail.com,Talya.Laverne@gmail.com,firefighter
522,Zaria,Christal,Zaria.Christal@yopmail.com,Zaria.Christal@gmail.com,police officer
523,Celestyna,Ephrem,Celestyna.Ephrem@yopmail.com,Celestyna.Ephrem@gmail.com,doctor
524,Moyna,Podvin,Moyna.Podvin@yopmail.com,Moyna.Podvin@gmail.com,worker
525,Jessy,Chauncey,Jessy.Chauncey@yopmail.com,Jessy.Chauncey@gmail.com,firefighter
526,Tabbatha,Hachmin,Tabbatha.Hachmin@yopmail.com,Tabbatha.Hachmin@gmail.com,worker
527,Halette,Irmine,Halette.Irmine@yopmail.com,Halette.Irmine@gmail.com,doctor
528,Olwen,Erlandson,Olwen.Erlandson@yopmail.com,Olwen.Erlandson@gmail.com,firefighter
529,Myrtice,Hieronymus,Myrtice.Hieronymus@yopmail.com,Myrtice.Hieronymus@gmail.com,worker
530,Riannon,Merna,Riannon.Merna@yopmail.com,Riannon.Merna@gmail.com,worker
531,Alejandra,Zina,Alejandra.Zina@yopmail.com,Alejandra.Zina@gmail.com,police officer
532,Vanessa,Leonard,Vanessa.Leonard@yopmail.com,Vanessa.Leonard@gmail.com,developer
533,Frances,Noelyn,Frances.Noelyn@yopmail.com,Frances.Noelyn@gmail.com,police officer
534,Norine,Pattin,Norine.Pattin@yopmail.com,Norine.Pattin@gmail.com,developer
535,Lacie,Stefa,Lacie.Stefa@yopmail.com,Lacie.Stefa@gmail.com,worker
536,Monika,Deny,Monika.Deny@yopmail.com,Monika.Deny@gmail.com,doctor
537,Dulcinea,Carri,Dulcinea.Carri@yopmail.com,Dulcinea.Carri@gmail.com,developer
538,Raquela,Herrera,Raquela.Herrera@yopmail.com,Raquela.Herrera@gmail.com,developer
539,Frieda,Posner,Frieda.Posner@yopmail.com,Frieda.Posner@gmail.com,police officer
540,Dorice,Phi,Dorice.Phi@yopmail.com,Dorice.Phi@gmail.com,firefighter
541,Tani,Blase,Tani.Blase@yopmail.com,Tani.Blase@gmail.com,police officer
542,Clarice,Ricarda,Clarice.Ricarda@yopmail.com,Clarice.Ricarda@gmail.com,worker
543,Benita,Gert,Benita.Gert@yopmail.com,Benita.Gert@gmail.com,police officer
544,Ketti,Vorster,Ketti.Vorster@yopmail.com,Ketti.Vorster@gmail.com,worker
545,Xylina,Fennessy,Xylina.Fennessy@yopmail.com,Xylina.Fennessy@gmail.com,worker
546,Ileana,Trey,Ileana.Trey@yopmail.com,Ileana.Trey@gmail.com,doctor
547,Glynnis,Emmaline,Glynnis.Emmaline@yopmail.com,Glynnis.Emmaline@gmail.com,worker
548,Babita,Gemini,Babita.Gemini@yopmail.com,Babita.Gemini@gmail.com,worker
549,Lynea,Sallyann,Lynea.Sallyann@yopmail.com,Lynea.Sallyann@gmail.com,firefighter
550,Annora,Melan,Annora.Melan@yopmail.com,Annora.Melan@gmail.com,doctor
551,Britte,Shaddock,Britte.Shaddock@yopmail.com,Britte.Shaddock@gmail.com,developer
552,Deloria,Chrystel,Deloria.Chrystel@yopmail.com,Deloria.Chrystel@gmail.com,police officer
553,Sean,Liebermann,Sean.Liebermann@yopmail.com,Sean.Liebermann@gmail.com,developer
554,Brynna,Weide,Brynna.Weide@yopmail.com,Brynna.Weide@gmail.com,doctor
555,Emylee,Sperling,Emylee.Sperling@yopmail.com,Emylee.Sperling@gmail.com,police officer
556,Corene,Gert,Corene.Gert@yopmail.com,Corene.Gert@gmail.com,developer
557,Cindelyn,Grimbly,Cindelyn.Grimbly@yopmail.com,Cindelyn.Grimbly@gmail.com,doctor
558,Cathie,Israeli,Cathie.Israeli@yopmail.com,Cathie.Israeli@gmail.com,firefighter
559,Fernande,Kathie,Fernande.Kathie@yopmail.com,Fernande.Kathie@gmail.com,worker
560,Alexine,Lucienne,Alexine.Lucienne@yopmail.com,Alexine.Lucienne@gmail.com,firefighter
561,Emelina,Kirstin,Emelina.Kirstin@yopmail.com,Emelina.Kirstin@gmail.com,worker
562,Jere,O'Carroll,Jere.O'Carroll@yopmail.com,Jere.O'Carroll@gmail.com,firefighter
563,Caryl,Salchunas,Caryl.Salchunas@yopmail.com,Caryl.Salchunas@gmail.com,police officer
564,Clementine,Fry,Clementine.Fry@yopmail.com,Clementine.Fry@gmail.com,doctor
565,Neila,Stoller,Neila.Stoller@yopmail.com,Neila.Stoller@gmail.com,doctor
566,Diena,Jarib,Diena.Jarib@yopmail.com,Diena.Jarib@gmail.com,police officer
567,Edith,Abbot,Edith.Abbot@yopmail.com,Edith.Abbot@gmail.com,developer
568,Glenda,Dorine,Glenda.Dorine@yopmail.com,Glenda.Dorine@gmail.com,doctor
569,Janenna,Melan,Janenna.Melan@yopmail.com,Janenna.Melan@gmail.com,developer
570,Kate,Codding,Kate.Codding@yopmail.com,Kate.Codding@gmail.com,doctor
571,Brooks,Narton,Brooks.Narton@yopmail.com,Brooks.Narton@gmail.com,doctor
572,Brandise,Weinreb,Brandise.Weinreb@yopmail.com,Brandise.Weinreb@gmail.com,developer
573,Emmey,Mintz,Emmey.Mintz@yopmail.com,Emmey.Mintz@gmail.com,police officer
574,Nelle,Gordon,Nelle.Gordon@yopmail.com,Nelle.Gordon@gmail.com,firefighter
575,Tamqrah,Lay,Tamqrah.Lay@yopmail.com,Tamqrah.Lay@gmail.com,police officer
576,Shannah,Ruvolo,Shannah.Ruvolo@yopmail.com,Shannah.Ruvolo@gmail.com,developer
577,Leona,Wallis,Leona.Wallis@yopmail.com,Leona.Wallis@gmail.com,worker
578,Florie,Candy,Florie.Candy@yopmail.com,Florie.Candy@gmail.com,worker
579,Krystle,Goth,Krystle.Goth@yopmail.com,Krystle.Goth@gmail.com,doctor
580,Viviene,Kendrick,Viviene.Kendrick@yopmail.com,Viviene.Kendrick@gmail.com,developer
581,Sashenka,Pozzy,Sashenka.Pozzy@yopmail.com,Sashenka.Pozzy@gmail.com,police officer
582,Penelopa,Duwalt,Penelopa.Duwalt@yopmail.com,Penelopa.Duwalt@gmail.com,developer
583,Cristine,Brackely,Cristine.Brackely@yopmail.com,Cristine.Brackely@gmail.com,firefighter
584,Korrie,Sikorski,Korrie.Sikorski@yopmail.com,Korrie.Sikorski@gmail.com,police officer
585,Valli,Latini,Valli.Latini@yopmail.com,Valli.Latini@gmail.com,worker
586,Ileana,Gerge,Ileana.Gerge@yopmail.com,Ileana.Gerge@gmail.com,firefighter
587,Sindee,Decato,Sindee.Decato@yopmail.com,Sindee.Decato@gmail.com,doctor
588,Josephine,Voletta,Josephine.Voletta@yopmail.com,Josephine.Voletta@gmail.com,doctor
589,Merci,Roumell,Merci.Roumell@yopmail.com,Merci.Roumell@gmail.com,police officer
590,Olwen,Terrence,Olwen.Terrence@yopmail.com,Olwen.Terrence@gmail.com,police officer
591,Donetta,Iphlgenia,Donetta.Iphlgenia@yopmail.com,Donetta.Iphlgenia@gmail.com,doctor
592,Tera,Dielu,Tera.Dielu@yopmail.com,Tera.Dielu@gmail.com,firefighter
593,Myriam,Mike,Myriam.Mike@yopmail.com,Myriam.Mike@gmail.com,worker
594,Sean,Fleeta,Sean.Fleeta@yopmail.com,Sean.Fleeta@gmail.com,doctor
595,Gerianna,Ferino,Gerianna.Ferino@yopmail.com,Gerianna.Ferino@gmail.com,doctor
596,Noelle,Buttaro,Noelle.Buttaro@yopmail.com,Noelle.Buttaro@gmail.com,worker
597,Marti,Allina,Marti.Allina@yopmail.com,Marti.Allina@gmail.com,firefighter
598,Alejandra,Manolo,Alejandra.Manolo@yopmail.com,Alejandra.Manolo@gmail.com,firefighter
599,Roslyn,Cassius,Roslyn.Cassius@yopmail.com,Roslyn.Cassius@gmail.com,firefighter
600,Esmeralda,Denis,Esmeralda.Denis@yopmail.com,Esmeralda.Denis@gmail.com,worker
601,Lory,Connelly,Lory.Connelly@yopmail.com,Lory.Connelly@gmail.com,developer
602,Ida,Skurnik,Ida.Skurnik@yopmail.com,Ida.Skurnik@gmail.com,doctor
603,Dyann,Garrison,Dyann.Garrison@yopmail.com,Dyann.Garrison@gmail.com,worker
604,Nyssa,Ackerley,Nyssa.Ackerley@yopmail.com,Nyssa.Ackerley@gmail.com,police officer
605,Kylynn,Pandolfi,Kylynn.Pandolfi@yopmail.com,Kylynn.Pandolfi@gmail.com,worker
606,Mireielle,Schenck,Mireielle.Schenck@yopmail.com,Mireielle.Schenck@gmail.com,doctor
607,Libbie,Faso,Libbie.Faso@yopmail.com,Libbie.Faso@gmail.com,doctor
608,Nataline,Pandolfi,Nataline.Pandolfi@yopmail.com,Nataline.Pandolfi@gmail.com,police officer
609,Tera,Jehu,Tera.Jehu@yopmail.com,Tera.Jehu@gmail.com,developer
610,Letizia,Buttaro,Letizia.Buttaro@yopmail.com,Letizia.Buttaro@gmail.com,police officer
611,Kittie,Stanwood,Kittie.Stanwood@yopmail.com,Kittie.Stanwood@gmail.com,developer
612,Roberta,Harriman,Roberta.Harriman@yopmail.com,Roberta.Harriman@gmail.com,developer
613,Donnie,Glenden,Donnie.Glenden@yopmail.com,Donnie.Glenden@gmail.com,police officer
614,Barbara,Jenness,Barbara.Jenness@yopmail.com,Barbara.Jenness@gmail.com,developer
615,June,Germann,June.Germann@yopmail.com,June.Germann@gmail.com,developer
616,Lynnea,Delacourt,Lynnea.Delacourt@yopmail.com,Lynnea.Delacourt@gmail.com,police officer
617,Louella,Goddard,Louella.Goddard@yopmail.com,Louella.Goddard@gmail.com,police officer
618,Cacilie,Mike,Cacilie.Mike@yopmail.com,Cacilie.Mike@gmail.com,developer
619,Molli,Gherardo,Molli.Gherardo@yopmail.com,Molli.Gherardo@gmail.com,firefighter
620,Lila,Torray,Lila.Torray@yopmail.com,Lila.Torray@gmail.com,worker
621,Anestassia,Narton,Anestassia.Narton@yopmail.com,Anestassia.Narton@gmail.com,developer
622,Silvana,Regan,Silvana.Regan@yopmail.com,Silvana.Regan@gmail.com,doctor
623,Charissa,Olnee,Charissa.Olnee@yopmail.com,Charissa.Olnee@gmail.com,firefighter
624,Allyce,Neva,Allyce.Neva@yopmail.com,Allyce.Neva@gmail.com,doctor
625,Berget,Chaing,Berget.Chaing@yopmail.com,Berget.Chaing@gmail.com,doctor
626,Gilda,Charity,Gilda.Charity@yopmail.com,Gilda.Charity@gmail.com,doctor
627,Evita,Neva,Evita.Neva@yopmail.com,Evita.Neva@gmail.com,doctor
628,Verla,Stevy,Verla.Stevy@yopmail.com,Verla.Stevy@gmail.com,developer
629,Bill,Masao,Bill.Masao@yopmail.com,Bill.Masao@gmail.com,worker
630,Anica,Cyrie,Anica.Cyrie@yopmail.com,Anica.Cyrie@gmail.com,police officer
631,Larine,Anderea,Larine.Anderea@yopmail.com,Larine.Anderea@gmail.com,doctor
632,Willetta,Nisbet,Willetta.Nisbet@yopmail.com,Willetta.Nisbet@gmail.com,doctor
633,Tressa,Joeann,Tressa.Joeann@yopmail.com,Tressa.Joeann@gmail.com,firefighter
634,Ofilia,Dom,Ofilia.Dom@yopmail.com,Ofilia.Dom@gmail.com,firefighter
635,Rhea,Aurelio,Rhea.Aurelio@yopmail.com,Rhea.Aurelio@gmail.com,police officer
636,Kalina,Maroney,Kalina.Maroney@yopmail.com,Kalina.Maroney@gmail.com,firefighter
637,Tomasina,Tomasina,Tomasina.Tomasina@yopmail.com,Tomasina.Tomasina@gmail.com,police officer
638,Britni,Ventre,Britni.Ventre@yopmail.com,Britni.Ventre@gmail.com,doctor
639,Catrina,Korey,Catrina.Korey@yopmail.com,Catrina.Korey@gmail.com,firefighter
640,Julieta,Olin,Julieta.Olin@yopmail.com,Julieta.Olin@gmail.com,worker
641,Stacey,Burkle,Stacey.Burkle@yopmail.com,Stacey.Burkle@gmail.com,developer
642,Molli,Alabaster,Molli.Alabaster@yopmail.com,Molli.Alabaster@gmail.com,firefighter
643,Georgina,Carey,Georgina.Carey@yopmail.com,Georgina.Carey@gmail.com,firefighter
644,Lolita,Vharat,Lolita.Vharat@yopmail.com,Lolita.Vharat@gmail.com,firefighter
645,Suzette,Kalinda,Suzette.Kalinda@yopmail.com,Suzette.Kalinda@gmail.com,police officer
646,Cathie,Ilka,Cathie.Ilka@yopmail.com,Cathie.Ilka@gmail.com,worker
647,Kristina,Alejoa,Kristina.Alejoa@yopmail.com,Kristina.Alejoa@gmail.com,doctor
648,Nataline,Gale,Nataline.Gale@yopmail.com,Nataline.Gale@gmail.com,firefighter
649,Willetta,Thar,Willetta.Thar@yopmail.com,Willetta.Thar@gmail.com,worker
650,Magdalena,Joeann,Magdalena.Joeann@yopmail.com,Magdalena.Joeann@gmail.com,developer
651,Susette,Fontana,Susette.Fontana@yopmail.com,Susette.Fontana@gmail.com,developer
652,Gilda,Isacco,Gilda.Isacco@yopmail.com,Gilda.Isacco@gmail.com,developer
653,Ingrid,Roche,Ingrid.Roche@yopmail.com,Ingrid.Roche@gmail.com,police officer
654,Danny,Olnee,Danny.Olnee@yopmail.com,Danny.Olnee@gmail.com,developer
655,Kristan,Ochs,Kristan.Ochs@yopmail.com,Kristan.Ochs@gmail.com,police officer
656,Darlleen,Remmer,Darlleen.Remmer@yopmail.com,Darlleen.Remmer@gmail.com,developer
657,Kamilah,Weitman,Kamilah.Weitman@yopmail.com,Kamilah.Weitman@gmail.com,police officer
658,Elyssa,Thomasina,Elyssa.Thomasina@yopmail.com,Elyssa.Thomasina@gmail.com,worker
659,Nanete,Flita,Nanete.Flita@yopmail.com,Nanete.Flita@gmail.com,police officer
660,Nataline,Merna,Nataline.Merna@yopmail.com,Nataline.Merna@gmail.com,doctor
661,Caressa,Anton,Caressa.Anton@yopmail.com,Caressa.Anton@gmail.com,worker
662,Kathi,Earlie,Kathi.Earlie@yopmail.com,Kathi.Earlie@gmail.com,doctor
663,Susette,Iaverne,Susette.Iaverne@yopmail.com,Susette.Iaverne@gmail.com,developer
664,Jeanna,Helfand,Jeanna.Helfand@yopmail.com,Jeanna.Helfand@gmail.com,worker
665,Corly,Georas,Corly.Georas@yopmail.com,Corly.Georas@gmail.com,worker
666,Shirlee,Raama,Shirlee.Raama@yopmail.com,Shirlee.Raama@gmail.com,doctor
667,Gabi,Shirberg,Gabi.Shirberg@yopmail.com,Gabi.Shirberg@gmail.com,firefighter
668,Lizzie,Kimmie,Lizzie.Kimmie@yopmail.com,Lizzie.Kimmie@gmail.com,doctor
669,Glynnis,Myrilla,Glynnis.Myrilla@yopmail.com,Glynnis.Myrilla@gmail.com,worker
670,Tina,Yate,Tina.Yate@yopmail.com,Tina.Yate@gmail.com,police officer
671,Aaren,Leary,Aaren.Leary@yopmail.com,Aaren.Leary@gmail.com,doctor
672,Leontine,Weaks,Leontine.Weaks@yopmail.com,Leontine.Weaks@gmail.com,developer
673,Nonnah,Diogenes,Nonnah.Diogenes@yopmail.com,Nonnah.Diogenes@gmail.com,worker
674,Betta,Knowling,Betta.Knowling@yopmail.com,Betta.Knowling@gmail.com,doctor
675,Sashenka,Brenn,Sashenka.Brenn@yopmail.com,Sashenka.Brenn@gmail.com,developer
676,Dianemarie,Parsaye,Dianemarie.Parsaye@yopmail.com,Dianemarie.Parsaye@gmail.com,worker
677,Kaja,Urias,Kaja.Urias@yopmail.com,Kaja.Urias@gmail.com,firefighter
678,Suzette,Rudolph,Suzette.Rudolph@yopmail.com,Suzette.Rudolph@gmail.com,firefighter
679,Briney,Jerald,Briney.Jerald@yopmail.com,Briney.Jerald@gmail.com,firefighter
680,Eolanda,Lauraine,Eolanda.Lauraine@yopmail.com,Eolanda.Lauraine@gmail.com,worker
681,Beth,Milson,Beth.Milson@yopmail.com,Beth.Milson@gmail.com,firefighter
682,Allis,Reneta,Allis.Reneta@yopmail.com,Allis.Reneta@gmail.com,developer
683,Tina,Hedve,Tina.Hedve@yopmail.com,Tina.Hedve@gmail.com,developer
684,Jackie,Garrison,Jackie.Garrison@yopmail.com,Jackie.Garrison@gmail.com,worker
685,Codie,Kamaria,Codie.Kamaria@yopmail.com,Codie.Kamaria@gmail.com,worker
686,Drucie,Cohdwell,Drucie.Cohdwell@yopmail.com,Drucie.Cohdwell@gmail.com,developer
687,Averyl,Suk,Averyl.Suk@yopmail.com,Averyl.Suk@gmail.com,firefighter
688,Judy,Aloise,Judy.Aloise@yopmail.com,Judy.Aloise@gmail.com,firefighter
689,Candy,Hertzfeld,Candy.Hertzfeld@yopmail.com,Candy.Hertzfeld@gmail.com,firefighter
690,Barbara,Tannie,Barbara.Tannie@yopmail.com,Barbara.Tannie@gmail.com,police officer
691,Mireielle,Bari,Mireielle.Bari@yopmail.com,Mireielle.Bari@gmail.com,doctor
692,Norine,Rosemary,Norine.Rosemary@yopmail.com,Norine.Rosemary@gmail.com,developer
693,Kate,Hewitt,Kate.Hewitt@yopmail.com,Kate.Hewitt@gmail.com,doctor
694,Olivette,Minetta,Olivette.Minetta@yopmail.com,Olivette.Minetta@gmail.com,worker
695,Agathe,Goode,Agathe.Goode@yopmail.com,Agathe.Goode@gmail.com,firefighter
696,Valera,Jefferey,Valera.Jefferey@yopmail.com,Valera.Jefferey@gmail.com,doctor
697,Gianina,Nore,Gianina.Nore@yopmail.com,Gianina.Nore@gmail.com,worker
698,Oralee,Gower,Oralee.Gower@yopmail.com,Oralee.Gower@gmail.com,firefighter
699,Deirdre,Lumbard,Deirdre.Lumbard@yopmail.com,Deirdre.Lumbard@gmail.com,police officer
700,Agathe,Sandye,Agathe.Sandye@yopmail.com,Agathe.Sandye@gmail.com,developer
701,Gertrud,Gower,Gertrud.Gower@yopmail.com,Gertrud.Gower@gmail.com,police officer
702,Ana,Stelle,Ana.Stelle@yopmail.com,Ana.Stelle@gmail.com,firefighter
703,Selia,Egbert,Selia.Egbert@yopmail.com,Selia.Egbert@gmail.com,police officer
704,Kimmy,Concha,Kimmy.Concha@yopmail.com,Kimmy.Concha@gmail.com,worker
705,Ericka,Septima,Ericka.Septima@yopmail.com,Ericka.Septima@gmail.com,firefighter
706,Winny,Selway,Winny.Selway@yopmail.com,Winny.Selway@gmail.com,worker
707,Elena,Norvol,Elena.Norvol@yopmail.com,Elena.Norvol@gmail.com,developer
708,Reeba,Jalbert,Reeba.Jalbert@yopmail.com,Reeba.Jalbert@gmail.com,police officer
709,Paulita,Lareena,Paulita.Lareena@yopmail.com,Paulita.Lareena@gmail.com,developer
710,Etta,Federica,Etta.Federica@yopmail.com,Etta.Federica@gmail.com,worker
711,Ann-Marie,Vins,Ann-Marie.Vins@yopmail.com,Ann-Marie.Vins@gmail.com,firefighter
712,Dawn,Boehike,Dawn.Boehike@yopmail.com,Dawn.Boehike@gmail.com,firefighter
713,Lacie,Zuzana,Lacie.Zuzana@yopmail.com,Lacie.Zuzana@gmail.com,police officer
714,Allyce,Raseda,Allyce.Raseda@yopmail.com,Allyce.Raseda@gmail.com,worker
715,Emilia,Pozzy,Emilia.Pozzy@yopmail.com,Emilia.Pozzy@gmail.com,police officer
716,Barbi,Wesle,Barbi.Wesle@yopmail.com,Barbi.Wesle@gmail.com,worker
717,Brena,Garrison,Brena.Garrison@yopmail.com,Brena.Garrison@gmail.com,doctor
718,Misha,Ruvolo,Misha.Ruvolo@yopmail.com,Misha.Ruvolo@gmail.com,firefighter
719,Fayre,Glenden,Fayre.Glenden@yopmail.com,Fayre.Glenden@gmail.com,doctor
720,Cristabel,Revkah,Cristabel.Revkah@yopmail.com,Cristabel.Revkah@gmail.com,worker
721,Diena,Haymes,Diena.Haymes@yopmail.com,Diena.Haymes@gmail.com,developer
722,Dennie,Skell,Dennie.Skell@yopmail.com,Dennie.Skell@gmail.com,police officer
723,Kial,Ledah,Kial.Ledah@yopmail.com,Kial.Ledah@gmail.com,firefighter
724,Nananne,Loeb,Nananne.Loeb@yopmail.com,Nananne.Loeb@gmail.com,developer
725,Lanae,Dorcy,Lanae.Dorcy@yopmail.com,Lanae.Dorcy@gmail.com,firefighter
726,Valli,Zitvaa,Valli.Zitvaa@yopmail.com,Valli.Zitvaa@gmail.com,worker
727,Willetta,Irmine,Willetta.Irmine@yopmail.com,Willetta.Irmine@gmail.com,developer
728,Silvana,Shelba,Silvana.Shelba@yopmail.com,Silvana.Shelba@gmail.com,developer
729,Madalyn,Shanley,Madalyn.Shanley@yopmail.com,Madalyn.Shanley@gmail.com,doctor
730,Aeriela,Tyson,Aeriela.Tyson@yopmail.com,Aeriela.Tyson@gmail.com,firefighter
731,Bibby,Kannry,Bibby.Kannry@yopmail.com,Bibby.Kannry@gmail.com,doctor
732,Emelina,Waldron,Emelina.Waldron@yopmail.com,Emelina.Waldron@gmail.com,doctor
733,Fred,Zetta,Fred.Zetta@yopmail.com,Fred.Zetta@gmail.com,worker
734,Maisey,Lumbard,Maisey.Lumbard@yopmail.com,Maisey.Lumbard@gmail.com,developer
735,Mireielle,Teddman,Mireielle.Teddman@yopmail.com,Mireielle.Teddman@gmail.com,developer
736,Liana,Crudden,Liana.Crudden@yopmail.com,Liana.Crudden@gmail.com,firefighter
737,Sashenka,Sammons,Sashenka.Sammons@yopmail.com,Sashenka.Sammons@gmail.com,doctor
738,Joy,Lasley,Joy.Lasley@yopmail.com,Joy.Lasley@gmail.com,firefighter
739,Jsandye,Faria,Jsandye.Faria@yopmail.com,Jsandye.Faria@gmail.com,doctor
740,Corene,Lunsford,Corene.Lunsford@yopmail.com,Corene.Lunsford@gmail.com,developer
741,Michaelina,Lea,Michaelina.Lea@yopmail.com,Michaelina.Lea@gmail.com,developer
742,Sandie,Cadmar,Sandie.Cadmar@yopmail.com,Sandie.Cadmar@gmail.com,worker
743,Gertrud,Durware,Gertrud.Durware@yopmail.com,Gertrud.Durware@gmail.com,developer
744,Gwenneth,Faria,Gwenneth.Faria@yopmail.com,Gwenneth.Faria@gmail.com,doctor
745,Korrie,Jerald,Korrie.Jerald@yopmail.com,Korrie.Jerald@gmail.com,firefighter
746,Michaelina,Belldas,Michaelina.Belldas@yopmail.com,Michaelina.Belldas@gmail.com,developer
747,Clementine,Poppy,Clementine.Poppy@yopmail.com,Clementine.Poppy@gmail.com,doctor
748,Chandra,Luhe,Chandra.Luhe@yopmail.com,Chandra.Luhe@gmail.com,firefighter
749,Melanie,Sheng,Melanie.Sheng@yopmail.com,Melanie.Sheng@gmail.com,police officer
750,Neila,Sibyls,Neila.Sibyls@yopmail.com,Neila.Sibyls@gmail.com,police officer
751,Dode,Callista,Dode.Callista@yopmail.com,Dode.Callista@gmail.com,firefighter
752,Mary,Strephon,Mary.Strephon@yopmail.com,Mary.Strephon@gmail.com,doctor
753,Chrystel,Brian,Chrystel.Brian@yopmail.com,Chrystel.Brian@gmail.com,firefighter
754,Ingrid,Elo,Ingrid.Elo@yopmail.com,Ingrid.Elo@gmail.com,worker
755,Paola,Lynn,Paola.Lynn@yopmail.com,Paola.Lynn@gmail.com,developer
756,Glynnis,Ricki,Glynnis.Ricki@yopmail.com,Glynnis.Ricki@gmail.com,worker
757,Doro,Tryck,Doro.Tryck@yopmail.com,Doro.Tryck@gmail.com,worker
758,Natka,Seligman,Natka.Seligman@yopmail.com,Natka.Seligman@gmail.com,police officer
759,Lucy,Alisia,Lucy.Alisia@yopmail.com,Lucy.Alisia@gmail.com,worker
760,Merry,Dannye,Merry.Dannye@yopmail.com,Merry.Dannye@gmail.com,firefighter
761,Gilligan,Syd,Gilligan.Syd@yopmail.com,Gilligan.Syd@gmail.com,police officer
762,Tilly,Kevon,Tilly.Kevon@yopmail.com,Tilly.Kevon@gmail.com,developer
763,Anica,Seligman,Anica.Seligman@yopmail.com,Anica.Seligman@gmail.com,police officer
764,Aimil,Terrence,Aimil.Terrence@yopmail.com,Aimil.Terrence@gmail.com,firefighter
765,Gretal,Lubin,Gretal.Lubin@yopmail.com,Gretal.Lubin@gmail.com,firefighter
766,Henriette,Phyllis,Henriette.Phyllis@yopmail.com,Henriette.Phyllis@gmail.com,developer
767,Chere,Hirsch,Chere.Hirsch@yopmail.com,Chere.Hirsch@gmail.com,developer
768,Romona,Isidore,Romona.Isidore@yopmail.com,Romona.Isidore@gmail.com,developer
769,Beverley,Cutlerr,Beverley.Cutlerr@yopmail.com,Beverley.Cutlerr@gmail.com,developer
770,Sabina,Alice,Sabina.Alice@yopmail.com,Sabina.Alice@gmail.com,police officer
771,Gusty,Narton,Gusty.Narton@yopmail.com,Gusty.Narton@gmail.com,police officer
772,Norine,Wadell,Norine.Wadell@yopmail.com,Norine.Wadell@gmail.com,firefighter
773,Noelle,Marlie,Noelle.Marlie@yopmail.com,Noelle.Marlie@gmail.com,firefighter
774,Natka,Penelopa,Natka.Penelopa@yopmail.com,Natka.Penelopa@gmail.com,developer
775,Bobinette,Daegal,Bobinette.Daegal@yopmail.com,Bobinette.Daegal@gmail.com,worker
776,Madelle,Maroney,Madelle.Maroney@yopmail.com,Madelle.Maroney@gmail.com,doctor
777,Kathy,Brotherson,Kathy.Brotherson@yopmail.com,Kathy.Brotherson@gmail.com,worker
778,Beverley,Zenas,Beverley.Zenas@yopmail.com,Beverley.Zenas@gmail.com,developer
779,Janis,Brodench,Janis.Brodench@yopmail.com,Janis.Brodench@gmail.com,firefighter
780,Chloris,Abram,Chloris.Abram@yopmail.com,Chloris.Abram@gmail.com,doctor
781,Gretal,Tarrant,Gretal.Tarrant@yopmail.com,Gretal.Tarrant@gmail.com,worker
782,Phedra,Durware,Phedra.Durware@yopmail.com,Phedra.Durware@gmail.com,police officer
783,Clo,Peg,Clo.Peg@yopmail.com,Clo.Peg@gmail.com,worker
784,Abbie,Zamora,Abbie.Zamora@yopmail.com,Abbie.Zamora@gmail.com,doctor
785,Averyl,Bonilla,Averyl.Bonilla@yopmail.com,Averyl.Bonilla@gmail.com,developer
786,Mary,Jobi,Mary.Jobi@yopmail.com,Mary.Jobi@gmail.com,developer
787,Suzette,Berne,Suzette.Berne@yopmail.com,Suzette.Berne@gmail.com,doctor
788,Ivett,Michella,Ivett.Michella@yopmail.com,Ivett.Michella@gmail.com,developer
789,Jessy,Schonfeld,Jessy.Schonfeld@yopmail.com,Jessy.Schonfeld@gmail.com,firefighter
790,Rani,Hull,Rani.Hull@yopmail.com,Rani.Hull@gmail.com,worker
791,Therine,Rad,Therine.Rad@yopmail.com,Therine.Rad@gmail.com,police officer
792,Britte,Cassius,Britte.Cassius@yopmail.com,Britte.Cassius@gmail.com,developer
793,Margarette,Vorster,Margarette.Vorster@yopmail.com,Margarette.Vorster@gmail.com,worker
794,Larine,Roscoe,Larine.Roscoe@yopmail.com,Larine.Roscoe@gmail.com,doctor
795,Ulrike,Raychel,Ulrike.Raychel@yopmail.com,Ulrike.Raychel@gmail.com,doctor
796,Tami,Buttaro,Tami.Buttaro@yopmail.com,Tami.Buttaro@gmail.com,doctor
797,Fawne,Natica,Fawne.Natica@yopmail.com,Fawne.Natica@gmail.com,police officer
798,Britte,Kravits,Britte.Kravits@yopmail.com,Britte.Kravits@gmail.com,worker
799,Marsiella,Lesley,Marsiella.Lesley@yopmail.com,Marsiella.Lesley@gmail.com,police officer
800,Beatriz,Bivins,Beatriz.Bivins@yopmail.com,Beatriz.Bivins@gmail.com,firefighter
801,Marita,Riva,Marita.Riva@yopmail.com,Marita.Riva@gmail.com,developer
802,Andeee,Strephon,Andeee.Strephon@yopmail.com,Andeee.Strephon@gmail.com,firefighter
803,Lorne,Briney,Lorne.Briney@yopmail.com,Lorne.Briney@gmail.com,police officer
804,Perry,Minetta,Perry.Minetta@yopmail.com,Perry.Minetta@gmail.com,doctor
805,Allyce,Allare,Allyce.Allare@yopmail.com,Allyce.Allare@gmail.com,developer
806,Tracey,Meter,Tracey.Meter@yopmail.com,Tracey.Meter@gmail.com,police officer
807,Yetty,Socha,Yetty.Socha@yopmail.com,Yetty.Socha@gmail.com,developer
808,Shaine,Maurine,Shaine.Maurine@yopmail.com,Shaine.Maurine@gmail.com,firefighter
809,Helsa,Pond,Helsa.Pond@yopmail.com,Helsa.Pond@gmail.com,worker
810,Jean,Percy,Jean.Percy@yopmail.com,Jean.Percy@gmail.com,firefighter
811,Loree,Frendel,Loree.Frendel@yopmail.com,Loree.Frendel@gmail.com,developer
812,Eadie,Bibi,Eadie.Bibi@yopmail.com,Eadie.Bibi@gmail.com,firefighter
813,Mary,Thilda,Mary.Thilda@yopmail.com,Mary.Thilda@gmail.com,firefighter
814,Berta,Malina,Berta.Malina@yopmail.com,Berta.Malina@gmail.com,doctor
815,Ingrid,An,Ingrid.An@yopmail.com,Ingrid.An@gmail.com,worker
816,Jeanna,Imelida,Jeanna.Imelida@yopmail.com,Jeanna.Imelida@gmail.com,doctor
817,Felice,Couture,Felice.Couture@yopmail.com,Felice.Couture@gmail.com,doctor
818,Juliane,Regan,Juliane.Regan@yopmail.com,Juliane.Regan@gmail.com,worker
819,Gerianna,Saint,Gerianna.Saint@yopmail.com,Gerianna.Saint@gmail.com,firefighter
820,Molli,Elvyn,Molli.Elvyn@yopmail.com,Molli.Elvyn@gmail.com,firefighter
821,Darlleen,Blake,Darlleen.Blake@yopmail.com,Darlleen.Blake@gmail.com,worker
822,Melisent,Irmine,Melisent.Irmine@yopmail.com,Melisent.Irmine@gmail.com,developer
823,Audrie,Florina,Audrie.Florina@yopmail.com,Audrie.Florina@gmail.com,doctor
824,Genevra,Chem,Genevra.Chem@yopmail.com,Genevra.Chem@gmail.com,police officer
825,Noelle,Reneta,Noelle.Reneta@yopmail.com,Noelle.Reneta@gmail.com,developer
826,Maridel,Kussell,Maridel.Kussell@yopmail.com,Maridel.Kussell@gmail.com,police officer
827,Brandise,Joseph,Brandise.Joseph@yopmail.com,Brandise.Joseph@gmail.com,developer
828,Gloria,Kenwood,Gloria.Kenwood@yopmail.com,Gloria.Kenwood@gmail.com,doctor
829,Ayn,Aurelio,Ayn.Aurelio@yopmail.com,Ayn.Aurelio@gmail.com,firefighter
830,Cyb,Candy,Cyb.Candy@yopmail.com,Cyb.Candy@gmail.com,firefighter
831,Hollie,Papageno,Hollie.Papageno@yopmail.com,Hollie.Papageno@gmail.com,firefighter
832,Dolli,Trinetta,Dolli.Trinetta@yopmail.com,Dolli.Trinetta@gmail.com,developer
833,Lucy,Vanni,Lucy.Vanni@yopmail.com,Lucy.Vanni@gmail.com,developer
834,Ada,Hamil,Ada.Hamil@yopmail.com,Ada.Hamil@gmail.com,developer
835,Kara-Lynn,Dawkins,Kara-Lynn.Dawkins@yopmail.com,Kara-Lynn.Dawkins@gmail.com,police officer
836,Marjie,Philipp,Marjie.Philipp@yopmail.com,Marjie.Philipp@gmail.com,worker
837,Ninnetta,Martguerita,Ninnetta.Martguerita@yopmail.com,Ninnetta.Martguerita@gmail.com,police officer
838,Catrina,Hutchison,Catrina.Hutchison@yopmail.com,Catrina.Hutchison@gmail.com,firefighter
839,Maurene,Brian,Maurene.Brian@yopmail.com,Maurene.Brian@gmail.com,doctor
840,Elsie,Riordan,Elsie.Riordan@yopmail.com,Elsie.Riordan@gmail.com,developer
841,Molli,Aaberg,Molli.Aaberg@yopmail.com,Molli.Aaberg@gmail.com,firefighter
842,Dorice,Teddman,Dorice.Teddman@yopmail.com,Dorice.Teddman@gmail.com,police officer
843,Nicoli,Tacye,Nicoli.Tacye@yopmail.com,Nicoli.Tacye@gmail.com,police officer
844,Nannie,Urania,Nannie.Urania@yopmail.com,Nannie.Urania@gmail.com,worker
845,Christian,Maurine,Christian.Maurine@yopmail.com,Christian.Maurine@gmail.com,developer
846,Drucie,Posner,Drucie.Posner@yopmail.com,Drucie.Posner@gmail.com,worker
847,Judy,Cressida,Judy.Cressida@yopmail.com,Judy.Cressida@gmail.com,doctor
848,Ottilie,Peg,Ottilie.Peg@yopmail.com,Ottilie.Peg@gmail.com,firefighter
849,Nonnah,Amadas,Nonnah.Amadas@yopmail.com,Nonnah.Amadas@gmail.com,firefighter
850,Sara-Ann,Demitria,Sara-Ann.Demitria@yopmail.com,Sara-Ann.Demitria@gmail.com,police officer
851,Basia,Aaberg,Basia.Aaberg@yopmail.com,Basia.Aaberg@gmail.com,developer
852,Melina,Vary,Melina.Vary@yopmail.com,Melina.Vary@gmail.com,police officer
853,Gui,Arvo,Gui.Arvo@yopmail.com,Gui.Arvo@gmail.com,worker
854,Bettine,Ackerley,Bettine.Ackerley@yopmail.com,Bettine.Ackerley@gmail.com,police officer
855,Cassondra,Llovera,Cassondra.Llovera@yopmail.com,Cassondra.Llovera@gmail.com,developer
856,Gaylene,Engdahl,Gaylene.Engdahl@yopmail.com,Gaylene.Engdahl@gmail.com,worker
857,Rozele,Ogren,Rozele.Ogren@yopmail.com,Rozele.Ogren@gmail.com,doctor
858,Noelle,Codding,Noelle.Codding@yopmail.com,Noelle.Codding@gmail.com,firefighter
859,Lisette,Urania,Lisette.Urania@yopmail.com,Lisette.Urania@gmail.com,developer
860,Selia,Merna,Selia.Merna@yopmail.com,Selia.Merna@gmail.com,police officer
861,Jorry,Sundin,Jorry.Sundin@yopmail.com,Jorry.Sundin@gmail.com,developer
862,Feliza,McAdams,Feliza.McAdams@yopmail.com,Feliza.McAdams@gmail.com,worker
863,Ebonee,Genna,Ebonee.Genna@yopmail.com,Ebonee.Genna@gmail.com,worker
864,Adele,Bevin,Adele.Bevin@yopmail.com,Adele.Bevin@gmail.com,worker
865,Elora,Caitlin,Elora.Caitlin@yopmail.com,Elora.Caitlin@gmail.com,doctor
866,Winny,Rogerio,Winny.Rogerio@yopmail.com,Winny.Rogerio@gmail.com,developer
867,Mignon,Milson,Mignon.Milson@yopmail.com,Mignon.Milson@gmail.com,worker
868,Sophia,Darian,Sophia.Darian@yopmail.com,Sophia.Darian@gmail.com,worker
869,Barbara,Socha,Barbara.Socha@yopmail.com,Barbara.Socha@gmail.com,firefighter
870,Siana,Joni,Siana.Joni@yopmail.com,Siana.Joni@gmail.com,police officer
871,Aigneis,Thomasina,Aigneis.Thomasina@yopmail.com,Aigneis.Thomasina@gmail.com,developer
872,Perry,Ochs,Perry.Ochs@yopmail.com,Perry.Ochs@gmail.com,police officer
873,Tatiania,Tacye,Tatiania.Tacye@yopmail.com,Tatiania.Tacye@gmail.com,developer
874,Dione,Atonsah,Dione.Atonsah@yopmail.com,Dione.Atonsah@gmail.com,firefighter
875,Ofilia,Tristram,Ofilia.Tristram@yopmail.com,Ofilia.Tristram@gmail.com,worker
876,Hollie,Lacombe,Hollie.Lacombe@yopmail.com,Hollie.Lacombe@gmail.com,police officer
877,Cam,Richers,Cam.Richers@yopmail.com,Cam.Richers@gmail.com,worker
878,Esmeralda,Lalitta,Esmeralda.Lalitta@yopmail.com,Esmeralda.Lalitta@gmail.com,worker
879,Gratia,Madaih,Gratia.Madaih@yopmail.com,Gratia.Madaih@gmail.com,doctor
880,Cyb,Howlyn,Cyb.Howlyn@yopmail.com,Cyb.Howlyn@gmail.com,developer
881,Sheelagh,Birdella,Sheelagh.Birdella@yopmail.com,Sheelagh.Birdella@gmail.com,firefighter
882,Rayna,Norrie,Rayna.Norrie@yopmail.com,Rayna.Norrie@gmail.com,doctor
883,Lita,Persse,Lita.Persse@yopmail.com,Lita.Persse@gmail.com,police officer
884,Stacey,Millda,Stacey.Millda@yopmail.com,Stacey.Millda@gmail.com,police officer
885,Zia,Berl,Zia.Berl@yopmail.com,Zia.Berl@gmail.com,developer
886,Gloria,Henebry,Gloria.Henebry@yopmail.com,Gloria.Henebry@gmail.com,police officer
887,Max,Remmer,Max.Remmer@yopmail.com,Max.Remmer@gmail.com,police officer
888,Hollie,Kunin,Hollie.Kunin@yopmail.com,Hollie.Kunin@gmail.com,police officer
889,Fredericka,Stav,Fredericka.Stav@yopmail.com,Fredericka.Stav@gmail.com,worker
890,Lynea,Berl,Lynea.Berl@yopmail.com,Lynea.Berl@gmail.com,developer
891,Phylis,Verger,Phylis.Verger@yopmail.com,Phylis.Verger@gmail.com,developer
892,Demetris,Obed,Demetris.Obed@yopmail.com,Demetris.Obed@gmail.com,firefighter
893,Sean,Morrill,Sean.Morrill@yopmail.com,Sean.Morrill@gmail.com,doctor
894,Tami,Morgun,Tami.Morgun@yopmail.com,Tami.Morgun@gmail.com,police officer
895,Zaria,Rona,Zaria.Rona@yopmail.com,Zaria.Rona@gmail.com,worker
896,Cherilyn,Gemini,Cherilyn.Gemini@yopmail.com,Cherilyn.Gemini@gmail.com,firefighter
897,Raquela,Claudine,Raquela.Claudine@yopmail.com,Raquela.Claudine@gmail.com,developer
898,Tani,Birdella,Tani.Birdella@yopmail.com,Tani.Birdella@gmail.com,worker
899,Mady,Muriel,Mady.Muriel@yopmail.com,Mady.Muriel@gmail.com,firefighter
900,Rayna,Capello,Rayna.Capello@yopmail.com,Rayna.Capello@gmail.com,police officer
901,Angelique,Brady,Angelique.Brady@yopmail.com,Angelique.Brady@gmail.com,firefighter
902,Anallese,Monk,Anallese.Monk@yopmail.com,Anallese.Monk@gmail.com,doctor
903,Gabi,Sikorski,Gabi.Sikorski@yopmail.com,Gabi.Sikorski@gmail.com,police officer
904,Allyce,Felizio,Allyce.Felizio@yopmail.com,Allyce.Felizio@gmail.com,worker
905,Amelia,Stevy,Amelia.Stevy@yopmail.com,Amelia.Stevy@gmail.com,firefighter
906,Merle,Mike,Merle.Mike@yopmail.com,Merle.Mike@gmail.com,firefighter
907,Winifred,Swigart,Winifred.Swigart@yopmail.com,Winifred.Swigart@gmail.com,police officer
908,Christy,Cath,Christy.Cath@yopmail.com,Christy.Cath@gmail.com,doctor
909,Rochette,Laverne,Rochette.Laverne@yopmail.com,Rochette.Laverne@gmail.com,doctor
910,Raina,Lesley,Raina.Lesley@yopmail.com,Raina.Lesley@gmail.com,police officer
911,Allis,Gaynor,Allis.Gaynor@yopmail.com,Allis.Gaynor@gmail.com,police officer
912,Clarice,Felecia,Clarice.Felecia@yopmail.com,Clarice.Felecia@gmail.com,developer
913,Genovera,Grayce,Genovera.Grayce@yopmail.com,Genovera.Grayce@gmail.com,doctor
914,Vita,Seagraves,Vita.Seagraves@yopmail.com,Vita.Seagraves@gmail.com,police officer
915,Allis,Bultman,Allis.Bultman@yopmail.com,Allis.Bultman@gmail.com,worker
916,Mireielle,Gombach,Mireielle.Gombach@yopmail.com,Mireielle.Gombach@gmail.com,doctor
917,Misha,Azeria,Misha.Azeria@yopmail.com,Misha.Azeria@gmail.com,developer
918,Gabi,Zamora,Gabi.Zamora@yopmail.com,Gabi.Zamora@gmail.com,police officer
919,Kathy,Oriana,Kathy.Oriana@yopmail.com,Kathy.Oriana@gmail.com,worker
920,Ekaterina,Elsinore,Ekaterina.Elsinore@yopmail.com,Ekaterina.Elsinore@gmail.com,doctor
921,Mariann,Chrystel,Mariann.Chrystel@yopmail.com,Mariann.Chrystel@gmail.com,worker
922,Rozele,Bohlin,Rozele.Bohlin@yopmail.com,Rozele.Bohlin@gmail.com,police officer
923,Rayna,Kenney,Rayna.Kenney@yopmail.com,Rayna.Kenney@gmail.com,worker
924,Daune,Howlyn,Daune.Howlyn@yopmail.com,Daune.Howlyn@gmail.com,doctor
925,Donetta,Roxanna,Donetta.Roxanna@yopmail.com,Donetta.Roxanna@gmail.com,doctor
926,Alie,Olin,Alie.Olin@yopmail.com,Alie.Olin@gmail.com,doctor
927,Aurore,Vale,Aurore.Vale@yopmail.com,Aurore.Vale@gmail.com,police officer
928,Karly,Ramona,Karly.Ramona@yopmail.com,Karly.Ramona@gmail.com,worker
929,Noelle,Tound,Noelle.Tound@yopmail.com,Noelle.Tound@gmail.com,firefighter
930,Flory,Norvol,Flory.Norvol@yopmail.com,Flory.Norvol@gmail.com,firefighter
931,Wynne,Malanie,Wynne.Malanie@yopmail.com,Wynne.Malanie@gmail.com,worker
932,Atlanta,Oscar,Atlanta.Oscar@yopmail.com,Atlanta.Oscar@gmail.com,police officer
933,Zsa Zsa,Fredi,Zsa Zsa.Fredi@yopmail.com,Zsa Zsa.Fredi@gmail.com,firefighter
934,Hollie,Kermit,Hollie.Kermit@yopmail.com,Hollie.Kermit@gmail.com,firefighter
935,Cassondra,Marijo,Cassondra.Marijo@yopmail.com,Cassondra.Marijo@gmail.com,worker
936,Christy,Eldrid,Christy.Eldrid@yopmail.com,Christy.Eldrid@gmail.com,firefighter
937,Dulcinea,Germann,Dulcinea.Germann@yopmail.com,Dulcinea.Germann@gmail.com,worker
938,Grier,Matthew,Grier.Matthew@yopmail.com,Grier.Matthew@gmail.com,police officer
939,Celene,Rosette,Celene.Rosette@yopmail.com,Celene.Rosette@gmail.com,doctor
940,Christy,Gilmour,Christy.Gilmour@yopmail.com,Christy.Gilmour@gmail.com,police officer
941,Bernie,Tice,Bernie.Tice@yopmail.com,Bernie.Tice@gmail.com,developer
942,Farrah,Norrie,Farrah.Norrie@yopmail.com,Farrah.Norrie@gmail.com,police officer
943,Dari,Destinee,Dari.Destinee@yopmail.com,Dari.Destinee@gmail.com,firefighter
944,Jolyn,Wareing,Jolyn.Wareing@yopmail.com,Jolyn.Wareing@gmail.com,firefighter
945,Veda,Zetta,Veda.Zetta@yopmail.com,Veda.Zetta@gmail.com,firefighter
946,Ayn,Bigner,Ayn.Bigner@yopmail.com,Ayn.Bigner@gmail.com,police officer
947,Eve,Lenny,Eve.Lenny@yopmail.com,Eve.Lenny@gmail.com,developer
948,Anica,Yoko,Anica.Yoko@yopmail.com,Anica.Yoko@gmail.com,developer
949,Yetty,Riva,Yetty.Riva@yopmail.com,Yetty.Riva@gmail.com,worker
950,Christal,Sprage,Christal.Sprage@yopmail.com,Christal.Sprage@gmail.com,developer
951,Lisette,Seagraves,Lisette.Seagraves@yopmail.com,Lisette.Seagraves@gmail.com,worker
952,Joy,Nadia,Joy.Nadia@yopmail.com,Joy.Nadia@gmail.com,police officer
953,Rivalee,Gavrila,Rivalee.Gavrila@yopmail.com,Rivalee.Gavrila@gmail.com,worker
954,Theodora,Laurianne,Theodora.Laurianne@yopmail.com,Theodora.Laurianne@gmail.com,developer
955,Georgetta,Mullane,Georgetta.Mullane@yopmail.com,Georgetta.Mullane@gmail.com,police officer
956,Tani,Agle,Tani.Agle@yopmail.com,Tani.Agle@gmail.com,developer
957,Wileen,Kiersten,Wileen.Kiersten@yopmail.com,Wileen.Kiersten@gmail.com,developer
958,Patricia,Suk,Patricia.Suk@yopmail.com,Patricia.Suk@gmail.com,doctor
959,Dianemarie,Izaak,Dianemarie.Izaak@yopmail.com,Dianemarie.Izaak@gmail.com,developer
960,Malina,Ball,Malina.Ball@yopmail.com,Malina.Ball@gmail.com,doctor
961,Ekaterina,Goode,Ekaterina.Goode@yopmail.com,Ekaterina.Goode@gmail.com,firefighter
962,Cacilie,Oriana,Cacilie.Oriana@yopmail.com,Cacilie.Oriana@gmail.com,developer
963,Lizzie,Melan,Lizzie.Melan@yopmail.com,Lizzie.Melan@gmail.com,firefighter
964,Lynea,Pernick,Lynea.Pernick@yopmail.com,Lynea.Pernick@gmail.com,worker
965,Chastity,Fiester,Chastity.Fiester@yopmail.com,Chastity.Fiester@gmail.com,developer
966,Yvonne,Diogenes,Yvonne.Diogenes@yopmail.com,Yvonne.Diogenes@gmail.com,worker
967,Lusa,Thilda,Lusa.Thilda@yopmail.com,Lusa.Thilda@gmail.com,worker
968,Caritta,Xerxes,Caritta.Xerxes@yopmail.com,Caritta.Xerxes@gmail.com,doctor
969,Zsa Zsa,Alice,Zsa Zsa.Alice@yopmail.com,Zsa Zsa.Alice@gmail.com,firefighter
970,Magdalena,Morrill,Magdalena.Morrill@yopmail.com,Magdalena.Morrill@gmail.com,developer
971,Leontine,Clie,Leontine.Clie@yopmail.com,Leontine.Clie@gmail.com,worker
972,Dyann,Casimir,Dyann.Casimir@yopmail.com,Dyann.Casimir@gmail.com,doctor
973,Harmonia,Lacombe,Harmonia.Lacombe@yopmail.com,Harmonia.Lacombe@gmail.com,developer
974,Gui,Rudolph,Gui.Rudolph@yopmail.com,Gui.Rudolph@gmail.com,firefighter
975,Lauryn,Cosenza,Lauryn.Cosenza@yopmail.com,Lauryn.Cosenza@gmail.com,firefighter
976,Eugine,Lesley,Eugine.Lesley@yopmail.com,Eugine.Lesley@gmail.com,worker
977,Lilith,Fillbert,Lilith.Fillbert@yopmail.com,Lilith.Fillbert@gmail.com,doctor
978,Sarette,Kirbee,Sarette.Kirbee@yopmail.com,Sarette.Kirbee@gmail.com,developer
979,Mariele,Beniamino,Mariele.Beniamino@yopmail.com,Mariele.Beniamino@gmail.com,police officer
980,Lisette,Naor,Lisette.Naor@yopmail.com,Lisette.Naor@gmail.com,firefighter
981,Concettina,Leary,Concettina.Leary@yopmail.com,Concettina.Leary@gmail.com,worker
982,Susan,Goode,Susan.Goode@yopmail.com,Susan.Goode@gmail.com,firefighter
983,Sashenka,Kellby,Sashenka.Kellby@yopmail.com,Sashenka.Kellby@gmail.com,doctor
984,Ebonee,Gert,Ebonee.Gert@yopmail.com,Ebonee.Gert@gmail.com,worker
985,Nannie,Wandie,Nannie.Wandie@yopmail.com,Nannie.Wandie@gmail.com,police officer
986,Nicoli,Montgomery,Nicoli.Montgomery@yopmail.com,Nicoli.Montgomery@gmail.com,developer
987,Dominga,Tice,Dominga.Tice@yopmail.com,Dominga.Tice@gmail.com,police officer
988,Lulita,Gabrielli,Lulita.Gabrielli@yopmail.com,Lulita.Gabrielli@gmail.com,firefighter
989,Charmaine,Fax,Charmaine.Fax@yopmail.com,Charmaine.Fax@gmail.com,police officer
990,Di,Arne,Di.Arne@yopmail.com,Di.Arne@gmail.com,police officer
991,Gisela,Vivle,Gisela.Vivle@yopmail.com,Gisela.Vivle@gmail.com,firefighter
992,Audrie,Sothena,Audrie.Sothena@yopmail.com,Audrie.Sothena@gmail.com,doctor
993,Leontine,Persse,Leontine.Persse@yopmail.com,Leontine.Persse@gmail.com,developer
994,Anallese,McNully,Anallese.McNully@yopmail.com,Anallese.McNully@gmail.com,doctor
995,Bill,Clarissa,Bill.Clarissa@yopmail.com,Bill.Clarissa@gmail.com,firefighter
996,Margarette,Buttaro,Margarette.Buttaro@yopmail.com,Margarette.Buttaro@gmail.com,worker
997,Shandie,Leonard,Shandie.Leonard@yopmail.com,Shandie.Leonard@gmail.com,firefighter
998,Jerry,Cressida,Jerry.Cressida@yopmail.com,Jerry.Cressida@gmail.com,firefighter
999,Magdalena,Maryanne,Magdalena.Maryanne@yopmail.com,Magdalena.Maryanne@gmail.com,developer
1000,Glenda,Docilla,Glenda.Docilla@yopmail.com,Glenda.Docilla@gmail.com,developer
1001,Gabi,Greenwald,Gabi.Greenwald@yopmail.com,Gabi.Greenwald@gmail.com,firefighter
1002,Ninnetta,Yuille,Ninnetta.Yuille@yopmail.com,Ninnetta.Yuille@gmail.com,worker
1003,Dacia,Standing,Dacia.Standing@yopmail.com,Dacia.Standing@gmail.com,police officer
1004,Caritta,Elo,Caritta.Elo@yopmail.com,Caritta.Elo@gmail.com,police officer
1005,Nadine,Magdalen,Nadine.Magdalen@yopmail.com,Nadine.Magdalen@gmail.com,police officer
1006,Susette,Ammann,Susette.Ammann@yopmail.com,Susette.Ammann@gmail.com,developer
1007,Eugine,Nester,Eugine.Nester@yopmail.com,Eugine.Nester@gmail.com,firefighter
1008,Jean,Marlie,Jean.Marlie@yopmail.com,Jean.Marlie@gmail.com,doctor
1009,Tersina,Skurnik,Tersina.Skurnik@yopmail.com,Tersina.Skurnik@gmail.com,worker
1010,Stevana,Kirstin,Stevana.Kirstin@yopmail.com,Stevana.Kirstin@gmail.com,doctor
1011,Clarice,Leffen,Clarice.Leffen@yopmail.com,Clarice.Leffen@gmail.com,worker
1012,Adelle,Holtz,Adelle.Holtz@yopmail.com,Adelle.Holtz@gmail.com,police officer
1013,Lucille,Drus,Lucille.Drus@yopmail.com,Lucille.Drus@gmail.com,police officer
1014,Agathe,Dorcy,Agathe.Dorcy@yopmail.com,Agathe.Dorcy@gmail.com,police officer
1015,Alia,Berl,Alia.Berl@yopmail.com,Alia.Berl@gmail.com,firefighter
1016,Beverley,Lane,Beverley.Lane@yopmail.com,Beverley.Lane@gmail.com,firefighter
1017,Ira,Susannah,Ira.Susannah@yopmail.com,Ira.Susannah@gmail.com,worker
1018,Charissa,Joeann,Charissa.Joeann@yopmail.com,Charissa.Joeann@gmail.com,firefighter
1019,Amara,Jaylene,Amara.Jaylene@yopmail.com,Amara.Jaylene@gmail.com,worker
1020,Perry,Bury,Perry.Bury@yopmail.com,Perry.Bury@gmail.com,doctor
1021,Ellette,Bakerman,Ellette.Bakerman@yopmail.com,Ellette.Bakerman@gmail.com,developer
1022,Darlleen,Posner,Darlleen.Posner@yopmail.com,Darlleen.Posner@gmail.com,worker
1023,Annecorinne,Lory,Annecorinne.Lory@yopmail.com,Annecorinne.Lory@gmail.com,firefighter
1024,Sharai,Gamaliel,Sharai.Gamaliel@yopmail.com,Sharai.Gamaliel@gmail.com,police officer
1025,Leanna,Darbie,Leanna.Darbie@yopmail.com,Leanna.Darbie@gmail.com,developer
1026,Edith,Wallis,Edith.Wallis@yopmail.com,Edith.Wallis@gmail.com,firefighter
1027,Rozele,Zeeba,Rozele.Zeeba@yopmail.com,Rozele.Zeeba@gmail.com,doctor
1028,Nikki,Fiester,Nikki.Fiester@yopmail.com,Nikki.Fiester@gmail.com,police officer
1029,Kamilah,Japeth,Kamilah.Japeth@yopmail.com,Kamilah.Japeth@gmail.com,worker
1030,Talya,Alarise,Talya.Alarise@yopmail.com,Talya.Alarise@gmail.com,firefighter
1031,Alisha,Buckler,Alisha.Buckler@yopmail.com,Alisha.Buckler@gmail.com,firefighter
1032,Di,Stacy,Di.Stacy@yopmail.com,Di.Stacy@gmail.com,worker
1033,Tomasina,Nikaniki,Tomasina.Nikaniki@yopmail.com,Tomasina.Nikaniki@gmail.com,developer
1034,Robinia,Harl,Robinia.Harl@yopmail.com,Robinia.Harl@gmail.com,worker
1035,Elka,Michella,Elka.Michella@yopmail.com,Elka.Michella@gmail.com,worker
1036,Micheline,Fitzsimmons,Micheline.Fitzsimmons@yopmail.com,Micheline.Fitzsimmons@gmail.com,police officer
1037,Kara-Lynn,Naashom,Kara-Lynn.Naashom@yopmail.com,Kara-Lynn.Naashom@gmail.com,police officer
1038,Consuela,Leary,Consuela.Leary@yopmail.com,Consuela.Leary@gmail.com,worker
1039,Cyndie,Anastatius,Cyndie.Anastatius@yopmail.com,Cyndie.Anastatius@gmail.com,police officer
1040,Dominga,Carbo,Dominga.Carbo@yopmail.com,Dominga.Carbo@gmail.com,police officer
1041,Vita,Tiffa,Vita.Tiffa@yopmail.com,Vita.Tiffa@gmail.com,police officer
1042,Emmey,Haerr,Emmey.Haerr@yopmail.com,Emmey.Haerr@gmail.com,police officer
1043,Lindie,Israeli,Lindie.Israeli@yopmail.com,Lindie.Israeli@gmail.com,doctor
1044,Julieta,Lauraine,Julieta.Lauraine@yopmail.com,Julieta.Lauraine@gmail.com,worker
1045,Jacquetta,Sperling,Jacquetta.Sperling@yopmail.com,Jacquetta.Sperling@gmail.com,doctor
1046,Lacie,Merat,Lacie.Merat@yopmail.com,Lacie.Merat@gmail.com,worker
1047,Danny,Even,Danny.Even@yopmail.com,Danny.Even@gmail.com,police officer
1048,Vinita,Stover,Vinita.Stover@yopmail.com,Vinita.Stover@gmail.com,police officer
1049,Jinny,Seessel,Jinny.Seessel@yopmail.com,Jinny.Seessel@gmail.com,firefighter
1050,Marinna,Rocray,Marinna.Rocray@yopmail.com,Marinna.Rocray@gmail.com,police officer
1051,Alia,Himelman,Alia.Himelman@yopmail.com,Alia.Himelman@gmail.com,police officer
1052,Shannah,Alcott,Shannah.Alcott@yopmail.com,Shannah.Alcott@gmail.com,doctor
1053,Allis,Lattie,Allis.Lattie@yopmail.com,Allis.Lattie@gmail.com,developer
1054,Ulrike,Merell,Ulrike.Merell@yopmail.com,Ulrike.Merell@gmail.com,firefighter
1055,Estell,Franza,Estell.Franza@yopmail.com,Estell.Franza@gmail.com,police officer
1056,Anestassia,Guildroy,Anestassia.Guildroy@yopmail.com,Anestassia.Guildroy@gmail.com,firefighter
1057,Charmaine,Autrey,Charmaine.Autrey@yopmail.com,Charmaine.Autrey@gmail.com,developer
1058,Vere,Sparhawk,Vere.Sparhawk@yopmail.com,Vere.Sparhawk@gmail.com,worker
1059,Kerrin,Cullin,Kerrin.Cullin@yopmail.com,Kerrin.Cullin@gmail.com,worker
1060,Jany,Reneta,Jany.Reneta@yopmail.com,Jany.Reneta@gmail.com,doctor
1061,Minda,Carvey,Minda.Carvey@yopmail.com,Minda.Carvey@gmail.com,worker
1062,Shell,Thar,Shell.Thar@yopmail.com,Shell.Thar@gmail.com,doctor
1063,Ivett,Vacuva,Ivett.Vacuva@yopmail.com,Ivett.Vacuva@gmail.com,developer
1064,Catrina,Ammann,Catrina.Ammann@yopmail.com,Catrina.Ammann@gmail.com,firefighter
1065,Shell,Suanne,Shell.Suanne@yopmail.com,Shell.Suanne@gmail.com,police officer
1066,Kimberley,Cristi,Kimberley.Cristi@yopmail.com,Kimberley.Cristi@gmail.com,doctor
1067,Arlena,Mallon,Arlena.Mallon@yopmail.com,Arlena.Mallon@gmail.com,firefighter
1068,Jaclyn,Dyche,Jaclyn.Dyche@yopmail.com,Jaclyn.Dyche@gmail.com,developer
1069,Vita,Anton,Vita.Anton@yopmail.com,Vita.Anton@gmail.com,developer
1070,Sonni,Knowling,Sonni.Knowling@yopmail.com,Sonni.Knowling@gmail.com,worker
1071,Melanie,Dulciana,Melanie.Dulciana@yopmail.com,Melanie.Dulciana@gmail.com,worker
1072,Almeta,Cordi,Almeta.Cordi@yopmail.com,Almeta.Cordi@gmail.com,police officer
1073,Merle,Obed,Merle.Obed@yopmail.com,Merle.Obed@gmail.com,police officer
1074,Marti,Joseph,Marti.Joseph@yopmail.com,Marti.Joseph@gmail.com,doctor
1075,Deloria,Tiffa,Deloria.Tiffa@yopmail.com,Deloria.Tiffa@gmail.com,doctor
1076,Charissa,Atcliffe,Charissa.Atcliffe@yopmail.com,Charissa.Atcliffe@gmail.com,developer
1077,Netty,Ivens,Netty.Ivens@yopmail.com,Netty.Ivens@gmail.com,developer
1078,Gaylene,Goldina,Gaylene.Goldina@yopmail.com,Gaylene.Goldina@gmail.com,developer
1079,Susan,Krystle,Susan.Krystle@yopmail.com,Susan.Krystle@gmail.com,developer
1080,Jaclyn,Wallis,Jaclyn.Wallis@yopmail.com,Jaclyn.Wallis@gmail.com,police officer
1081,Dania,Shanley,Dania.Shanley@yopmail.com,Dania.Shanley@gmail.com,doctor
1082,Selia,Hebner,Selia.Hebner@yopmail.com,Selia.Hebner@gmail.com,police officer
1083,Zia,Flyn,Zia.Flyn@yopmail.com,Zia.Flyn@gmail.com,firefighter
1084,Candi,Sallyann,Candi.Sallyann@yopmail.com,Candi.Sallyann@gmail.com,worker
1085,Evaleen,Sancho,Evaleen.Sancho@yopmail.com,Evaleen.Sancho@gmail.com,doctor
1086,Dyann,Ramona,Dyann.Ramona@yopmail.com,Dyann.Ramona@gmail.com,worker
1087,Kassey,Thad,Kassey.Thad@yopmail.com,Kassey.Thad@gmail.com,developer
1088,Rori,Florina,Rori.Florina@yopmail.com,Rori.Florina@gmail.com,doctor
1089,Karly,Gilbertson,Karly.Gilbertson@yopmail.com,Karly.Gilbertson@gmail.com,worker
1090,Cam,Holtz,Cam.Holtz@yopmail.com,Cam.Holtz@gmail.com,developer
1091,Joleen,Thema,Joleen.Thema@yopmail.com,Joleen.Thema@gmail.com,developer
1092,Heddie,Markman,Heddie.Markman@yopmail.com,Heddie.Markman@gmail.com,firefighter
1093,Marsiella,Ilka,Marsiella.Ilka@yopmail.com,Marsiella.Ilka@gmail.com,police officer
1094,Therine,Wolfgram,Therine.Wolfgram@yopmail.com,Therine.Wolfgram@gmail.com,firefighter
1095,Demetris,Dudley,Demetris.Dudley@yopmail.com,Demetris.Dudley@gmail.com,firefighter
1096,Yvonne,August,Yvonne.August@yopmail.com,Yvonne.August@gmail.com,police officer
1097,Frank,Socha,Frank.Socha@yopmail.com,Frank.Socha@gmail.com,developer
1098,Sheree,Poppy,Sheree.Poppy@yopmail.com,Sheree.Poppy@gmail.com,developer
1099,Catharine,Daegal,Catharine.Daegal@yopmail.com,Catharine.Daegal@gmail.com,police officer